Date;Open;High;Low;Close;Volume;Dividends;Stock Splits;Daily Return
2020-04-20 00:00:00+02:00;150,14;151,35;149,32;151,22;11979;0,00;0,00;nan%
2020-04-21 00:00:00+02:00;151,86;151,98;148,66;150,04;13944;0,00;0,00;-0,78%
2020-04-22 00:00:00+02:00;150,69;153,26;150,66;153,26;11162;0,00;0,00;2,15%
2020-04-23 00:00:00+02:00;154,02;155,96;154,00;155,28;25434;0,00;0,00;1,32%
2020-04-24 00:00:00+02:00;156,30;156,38;153,89;153,89;14520;0,00;0,00;-0,90%
2020-04-27 00:00:00+02:00;153,58;154,36;152,84;153,45;7331;0,00;0,00;-0,29%
2020-04-28 00:00:00+02:00;152,86;152,86;151,48;152,44;7077;0,00;0,00;-0,66%
2020-04-29 00:00:00+02:00;152,72;153,12;151,74;152,29;7532;0,00;0,00;-0,10%
2020-04-30 00:00:00+02:00;153,20;153,50;150,85;150,85;24772;0,00;0,00;-0,95%
2020-05-04 00:00:00+02:00;150,98;152,08;150,74;151,42;12034;0,00;0,00;0,38%
2020-05-05 00:00:00+02:00;151,33;152,30;150,82;152,06;10885;0,00;0,00;0,42%
2020-05-06 00:00:00+02:00;152,84;153,12;151,24;151,83;16345;0,00;0,00;-0,15%
2020-05-07 00:00:00+02:00;151,78;153,11;151,61;153,11;21546;0,00;0,00;0,84%
2020-05-08 00:00:00+02:00;153,71;154,16;152,64;153,01;18662;0,00;0,00;-0,07%
2020-05-11 00:00:00+02:00;152,68;153,10;151,78;152,28;8835;0,00;0,00;-0,48%
2020-05-12 00:00:00+02:00;152,26;153,02;151,66;152,42;12478;0,00;0,00;0,09%
2020-05-13 00:00:00+02:00;152,34;153,70;152,10;153,51;17427;0,00;0,00;0,72%
2020-05-14 00:00:00+02:00;154,28;155,80;153,72;155,62;17809;0,00;0,00;1,37%
2020-05-15 00:00:00+02:00;155,84;156,64;155,26;156,41;15921;0,00;0,00;0,51%
2020-05-18 00:00:00+02:00;157,76;158,34;154,04;154,65;20663;0,00;0,00;-1,13%
2020-05-19 00:00:00+02:00;153,20;154,62;153,04;154,36;10726;0,00;0,00;-0,19%
2020-05-20 00:00:00+02:00;155,07;155,41;153,84;154,27;19954;0,00;0,00;-0,06%
2020-05-21 00:00:00+02:00;153,61;153,61;151,54;152,44;9457;0,00;0,00;-1,19%
2020-05-22 00:00:00+02:00;154,01;154,68;153,58;154,22;8889;0,00;0,00;1,17%
2020-05-25 00:00:00+02:00;153,76;154,22;153,11;154,04;28671;0,00;0,00;-0,12%
2020-05-26 00:00:00+02:00;153,62;153,62;150,95;151,43;13799;0,00;0,00;-1,69%
2020-05-27 00:00:00+02:00;151,02;151,18;149,38;150,18;72401;0,00;0,00;-0,83%
2020-05-28 00:00:00+02:00;151,10;152,12;150,98;150,98;104101;0,00;0,00;0,53%
2020-05-29 00:00:00+02:00;150,35;151,40;150,20;151,20;19795;0,00;0,00;0,15%
2020-06-02 00:00:00+02:00;151,56;151,56;150,24;150,24;17777;0,00;0,00;-0,63%
2020-06-03 00:00:00+02:00;149,04;149,42;146,08;146,50;23272;0,00;0,00;-2,49%
2020-06-04 00:00:00+02:00;147,23;148,48;146,10;146,74;30324;0,00;0,00;0,16%
2020-06-05 00:00:00+02:00;145,72;146,62;143,32;144,00;30804;0,00;0,00;-1,87%
2020-06-08 00:00:00+02:00;145,54;145,84;144,66;145,25;33455;0,00;0,00;0,87%
2020-06-09 00:00:00+02:00;145,96;147,44;145,96;146,69;50740;0,00;0,00;0,99%
2020-06-10 00:00:00+02:00;146,68;147,36;146,60;146,65;61542;0,00;0,00;-0,03%
2020-06-11 00:00:00+02:00;148,09;148,56;147,41;148,49;15880;0,00;0,00;1,25%
2020-06-12 00:00:00+02:00;148,57;149,68;148,32;149,40;35352;0,00;0,00;0,61%
2020-06-15 00:00:00+02:00;148,66;148,66;146,92;148,14;23539;0,00;0,00;-0,84%
2020-06-16 00:00:00+02:00;147,51;149,20;147,38;148,69;54642;0,00;0,00;0,37%
2020-06-17 00:00:00+02:00;148,49;149,60;147,82;149,19;10394;0,00;0,00;0,34%
2020-06-18 00:00:00+02:00;148,80;149,64;148,26;148,93;17324;0,00;0,00;-0,17%
2020-06-19 00:00:00+02:00;149,63;151,08;149,46;150,78;25100;0,00;0,00;1,24%
2020-06-22 00:00:00+02:00;151,72;151,96;150,88;151,49;10425;0,00;0,00;0,47%
2020-06-23 00:00:00+02:00;150,44;151,24;150,30;151,19;3054;0,00;0,00;-0,20%
2020-06-24 00:00:00+02:00;151,68;152,85;151,56;151,94;29640;0,00;0,00;0,50%
2020-06-25 00:00:00+02:00;152,34;152,54;151,90;152,09;4242;0,00;0,00;0,10%
2020-06-26 00:00:00+02:00;152,33;152,60;151,23;152,60;4484;0,00;0,00;0,34%
2020-06-29 00:00:00+02:00;152,52;152,94;151,80;152,73;3181;0,00;0,00;0,09%
2020-06-30 00:00:00+02:00;153,27;154,00;152,80;153,79;9672;0,00;0,00;0,69%
2020-07-01 00:00:00+02:00;154,65;154,83;151,65;151,70;8407;0,00;0,00;-1,36%
2020-07-02 00:00:00+02:00;152,06;153,48;151,40;153,38;6956;0,00;0,00;1,11%
2020-07-03 00:00:00+02:00;153,21;153,39;153,05;153,09;3252;0,00;0,00;-0,19%
2020-07-06 00:00:00+02:00;152,54;152,96;152,28;152,95;3712;0,00;0,00;-0,09%
2020-07-07 00:00:00+02:00;153,07;154,26;152,61;153,93;16851;0,00;0,00;0,64%
2020-07-08 00:00:00+02:00;154,31;155,42;154,20;155,03;4797;0,00;0,00;0,71%
2020-07-09 00:00:00+02:00;154,71;155,34;154,42;154,58;23213;0,00;0,00;-0,29%
2020-07-10 00:00:00+02:00;154,66;155,58;154,12;154,12;3077;0,00;0,00;-0,30%
2020-07-13 00:00:00+02:00;154,64;155,02;153,86;154,11;3472;0,00;0,00;-0,01%
2020-07-14 00:00:00+02:00;153,98;154,08;152,97;153,85;4219;0,00;0,00;-0,17%
2020-07-15 00:00:00+02:00;153,60;153,74;152,80;153,63;6149;0,00;0,00;-0,14%
2020-07-16 00:00:00+02:00;153,55;153,79;153,11;153,12;8085;0,00;0,00;-0,33%
2020-07-17 00:00:00+02:00;153,24;153,58;153,14;153,55;5409;0,00;0,00;0,28%
2020-07-20 00:00:00+02:00;153,24;154,30;153,01;153,83;6358;0,00;0,00;0,18%
2020-07-21 00:00:00+02:00;154,26;155,93;154,22;155,21;14545;0,00;0,00;0,90%
2020-07-22 00:00:00+02:00;156,30;156,30;155,02;155,88;5147;0,00;0,00;0,43%
2020-07-23 00:00:00+02:00;156,86;158,30;156,72;158,30;9451;0,00;0,00;1,55%
2020-07-24 00:00:00+02:00;157,71;159,08;157,71;158,21;13853;0,00;0,00;-0,06%
2020-07-27 00:00:00+02:00;160,18;160,88;159,50;159,56;5748;0,00;0,00;0,85%
2020-07-28 00:00:00+02:00;160,20;161,51;157,90;161,51;9056;0,00;0,00;1,22%
2020-07-29 00:00:00+02:00;161,63;161,76;160,36;161,18;3971;0,00;0,00;-0,20%
2020-07-30 00:00:00+02:00;161,08;161,30;159,66;160,23;13476;0,00;0,00;-0,59%
2020-07-31 00:00:00+02:00;160,76;162,00;160,76;162,00;1954;0,00;0,00;1,10%
2020-08-03 00:00:00+02:00;162,58;163,14;162,20;162,75;3750;0,00;0,00;0,46%
2020-08-04 00:00:00+02:00;162,45;164,37;162,22;164,37;5566;0,00;0,00;1,00%
2020-08-05 00:00:00+02:00;166,42;167,00;166,23;166,69;3620;0,00;0,00;1,41%
2020-08-06 00:00:00+02:00;167,22;169,44;167,12;168,01;1889;0,00;0,00;0,79%
2020-08-07 00:00:00+02:00;168,57;169,06;166,90;166,92;8720;0,00;0,00;-0,65%
2020-08-10 00:00:00+02:00;166,96;168,58;166,96;167,60;7863;0,00;0,00;0,41%
2020-08-11 00:00:00+02:00;165,36;165,50;159,66;160,07;7505;0,00;0,00;-4,49%
2020-08-12 00:00:00+02:00;158,23;160,46;158,23;159,38;17250;0,00;0,00;-0,43%
2020-08-13 00:00:00+02:00;158,44;159,63;157,75;159,63;10468;0,00;0,00;0,16%
2020-08-14 00:00:00+02:00;159,42;160,20;159,28;159,28;2765;0,00;0,00;-0,22%
2020-08-17 00:00:00+02:00;159,62;162,04;159,46;162,04;3107;0,00;0,00;1,73%
2020-08-18 00:00:00+02:00;162,85;163,66;160,77;162,30;14826;0,00;0,00;0,16%
2020-08-19 00:00:00+02:00;161,09;161,76;159,42;159,77;19746;0,00;0,00;-1,56%
2020-08-20 00:00:00+02:00;159,26;159,42;157,78;159,42;3834;0,00;0,00;-0,22%
2020-08-21 00:00:00+02:00;158,46;159,94;157,62;159,47;5162;0,00;0,00;0,03%
2020-08-24 00:00:00+02:00;158,84;160,18;158,36;158,83;2821;0,00;0,00;-0,40%
2020-08-25 00:00:00+02:00;158,58;158,76;157,35;157,35;3876;0,00;0,00;-0,93%
2020-08-26 00:00:00+02:00;157,23;159,46;156,75;159,42;20956;0,00;0,00;1,32%
2020-08-27 00:00:00+02:00;158,98;161,00;157,79;157,79;15140;0,00;0,00;-1,02%
2020-08-28 00:00:00+02:00;158,92;160,53;158,50;160,53;5379;0,00;0,00;1,74%
2020-08-31 00:00:00+02:00;159,97;160,21;159,32;159,70;1855;0,00;0,00;-0,52%
2020-09-01 00:00:00+02:00;161,00;161,18;159,58;160,19;13708;0,00;0,00;0,31%
2020-09-02 00:00:00+02:00;160,18;160,98;158,84;159,17;11123;0,00;0,00;-0,64%
2020-09-03 00:00:00+02:00;158,53;159,12;157,78;157,78;27873;0,00;0,00;-0,87%
2020-09-04 00:00:00+02:00;158,53;159,21;157,36;157,97;24038;0,00;0,00;0,12%
2020-09-07 00:00:00+02:00;158,22;158,30;157,82;158,24;11401;0,00;0,00;0,17%
2020-09-08 00:00:00+02:00;158,62;158,66;156,90;158,40;35558;0,00;0,00;0,10%
2020-09-09 00:00:00+02:00;158,75;159,62;158,43;159,59;921;0,00;0,00;0,75%
2020-09-10 00:00:00+02:00;159,34;159,96;159,18;159,87;12543;0,00;0,00;0,18%
2020-09-11 00:00:00+02:00;159,21;159,71;158,90;159,71;10568;0,00;0,00;-0,10%
2020-09-14 00:00:00+02:00;159,28;159,99;158,65;159,99;1264;0,00;0,00;0,18%
2020-09-15 00:00:00+02:00;160,14;160,66;159,40;159,69;12443;0,00;0,00;-0,19%
2020-09-16 00:00:00+02:00;160,41;161,21;160,24;161,19;20883;0,00;0,00;0,94%
2020-09-17 00:00:00+02:00;160,14;160,14;159,00;159,52;9872;0,00;0,00;-1,04%
2020-09-18 00:00:00+02:00;159,59;159,92;159,43;159,55;13755;0,00;0,00;0,02%
2020-09-21 00:00:00+02:00;159,50;159,50;155,59;156,44;20438;0,00;0,00;-1,95%
2020-09-22 00:00:00+02:00;157,42;158,14;156,98;157,41;31013;0,00;0,00;0,62%
2020-09-23 00:00:00+02:00;155,98;156,70;154,87;154,99;52277;0,00;0,00;-1,54%
2020-09-24 00:00:00+02:00;154,42;155,29;153,93;155,29;15941;0,00;0,00;0,19%
2020-09-25 00:00:00+02:00;155,52;155,72;154,29;155,53;16910;0,00;0,00;0,15%
2020-09-28 00:00:00+02:00;155,14;155,73;154,04;155,67;25829;0,00;0,00;0,09%
2020-09-29 00:00:00+02:00;156,28;156,37;155,60;156,24;17003;0,00;0,00;0,37%
2020-09-30 00:00:00+02:00;156,00;156,91;155,80;156,67;17586;0,00;0,00;0,28%
2020-10-01 00:00:00+02:00;156,64;157,59;156,40;157,59;17988;0,00;0,00;0,59%
2020-10-02 00:00:00+02:00;158,12;158,28;157,13;157,70;54875;0,00;0,00;0,07%
2020-10-05 00:00:00+02:00;156,46;157,57;155,98;157,57;10832;0,00;0,00;-0,08%
2020-10-06 00:00:00+02:00;157,18;157,68;157,06;157,13;13191;0,00;0,00;-0,28%
2020-10-07 00:00:00+02:00;156,24;156,27;154,78;155,51;23474;0,00;0,00;-1,03%
2020-10-08 00:00:00+02:00;155,93;156,62;155,63;155,75;16587;0,00;0,00;0,15%
2020-10-09 00:00:00+02:00;157,14;158,01;157,14;157,95;11548;0,00;0,00;1,41%
2020-10-12 00:00:00+02:00;158,03;158,08;157,66;157,71;6369;0,00;0,00;-0,15%
2020-10-13 00:00:00+02:00;157,52;158,06;155,74;156,33;23734;0,00;0,00;-0,88%
2020-10-14 00:00:00+02:00;156,56;157,60;156,42;157,37;28324;0,00;0,00;0,67%
2020-10-15 00:00:00+02:00;156,71;157,76;156,36;157,67;53148;0,00;0,00;0,19%
2020-10-16 00:00:00+02:00;157,76;158,16;156,98;157,07;24556;0,00;0,00;-0,38%
2020-10-19 00:00:00+02:00;157,92;157,96;156,69;156,81;14570;0,00;0,00;-0,17%
2020-10-20 00:00:00+02:00;156,65;156,76;155,70;156,57;7616;0,00;0,00;-0,15%
2020-10-21 00:00:00+02:00;156,76;157,42;156,68;157,19;9309;0,00;0,00;0,40%
2020-10-22 00:00:00+02:00;156,75;157,06;155,38;155,79;13941;0,00;0,00;-0,89%
2020-10-23 00:00:00+02:00;156,60;156,60;155,20;155,35;3375;0,00;0,00;-0,28%
2020-10-26 00:00:00+01:00;155,55;156,36;155,55;156,22;3696;0,00;0,00;0,56%
2020-10-27 00:00:00+01:00;156,02;156,52;155,75;156,31;3420;0,00;0,00;0,06%
2020-10-28 00:00:00+01:00;157,03;157,03;154,74;155,25;9215;0,00;0,00;-0,68%
2020-10-29 00:00:00+01:00;155,30;155,58;154,25;155,29;15782;0,00;0,00;0,03%
2020-10-30 00:00:00+01:00;155,41;156,64;155,39;156,34;10717;0,00;0,00;0,68%
2020-11-02 00:00:00+01:00;157,12;157,76;156,80;157,57;9783;0,00;0,00;0,79%
2020-11-03 00:00:00+01:00;156,95;157,87;156,95;157,51;8092;0,00;0,00;-0,04%
2020-11-04 00:00:00+01:00;157,24;158,16;156,48;157,27;10747;0,00;0,00;-0,15%
2020-11-05 00:00:00+01:00;157,61;159,86;157,25;159,42;33892;0,00;0,00;1,37%
2020-11-06 00:00:00+01:00;159,54;159,74;158,76;159,19;6327;0,00;0,00;-0,14%
2020-11-09 00:00:00+01:00;159,58;160,10;151,90;152,08;32013;0,00;0,00;-4,47%
2020-11-10 00:00:00+01:00;154,74;154,82;153,80;154,40;5869;0,00;0,00;1,53%
2020-11-11 00:00:00+01:00;154,04;154,64;153,38;153,47;8464;0,00;0,00;-0,60%
2020-11-12 00:00:00+01:00;153,69;154,50;153,30;154,10;1428;0,00;0,00;0,41%
2020-11-13 00:00:00+01:00;154,22;155,58;153,75;155,01;9428;0,00;0,00;0,59%
2020-11-16 00:00:00+01:00;154,54;154,96;152,96;154,95;6821;0,00;0,00;-0,04%
2020-11-17 00:00:00+01:00;154,29;154,46;153,77;154,13;3386;0,00;0,00;-0,53%
2020-11-18 00:00:00+01:00;153,48;153,82;152,23;153,55;8108;0,00;0,00;-0,38%
2020-11-19 00:00:00+01:00;152,40;152,63;151,90;152,17;12949;0,00;0,00;-0,90%
2020-11-20 00:00:00+01:00;152,34;153,40;152,32;153,07;2399;0,00;0,00;0,59%
2020-11-23 00:00:00+01:00;152,94;153,00;150,26;150,28;5997;0,00;0,00;-1,82%
2020-11-24 00:00:00+01:00;149,48;149,48;146,94;147,18;10943;0,00;0,00;-2,06%
2020-11-25 00:00:00+01:00;147,34;147,91;147,17;147,36;21016;0,00;0,00;0,12%
2020-11-26 00:00:00+01:00;147,46;147,72;147,15;147,32;48644;0,00;0,00;-0,03%
2020-11-27 00:00:00+01:00;147,00;147,08;144,04;144,83;26648;0,00;0,00;-1,69%
2020-11-30 00:00:00+01:00;144,10;144,42;142,88;144,42;36027;0,00;0,00;-0,28%
2020-12-01 00:00:00+01:00;145,03;146,63;144,92;145,67;45547;0,00;0,00;0,87%
2020-12-02 00:00:00+01:00;145,77;147,18;145,56;146,51;16438;0,00;0,00;0,58%
2020-12-03 00:00:00+01:00;147,06;147,14;145,56;145,93;6201;0,00;0,00;-0,40%
2020-12-04 00:00:00+01:00;146,58;147,26;146,08;146,34;13979;0,00;0,00;0,28%
2020-12-07 00:00:00+01:00;146,95;149,00;146,15;148,87;19622;0,00;0,00;1,73%
2020-12-08 00:00:00+01:00;149,34;149,62;148,76;149,53;11992;0,00;0,00;0,44%
2020-12-09 00:00:00+01:00;148,60;149,02;147,10;148,25;12413;0,00;0,00;-0,86%
2020-12-10 00:00:00+01:00;147,22;147,62;146,50;146,79;8793;0,00;0,00;-0,98%
2020-12-11 00:00:00+01:00;146,58;147,68;145,92;147,47;6124;0,00;0,00;0,46%
2020-12-14 00:00:00+01:00;146,12;146,31;145,12;145,71;9494;0,00;0,00;-1,19%
2020-12-15 00:00:00+01:00;146,99;147,76;146,88;147,31;12437;0,00;0,00;1,10%
2020-12-16 00:00:00+01:00;147,82;148,18;147,18;147,51;6001;0,00;0,00;0,14%
2020-12-17 00:00:00+01:00;148,38;149,78;148,23;149,28;15912;0,00;0,00;1,20%
2020-12-18 00:00:00+01:00;148,87;149,48;148,60;149,21;3177;0,00;0,00;-0,05%
2020-12-21 00:00:00+01:00;150,60;150,80;148,00;149,15;4772;0,00;0,00;-0,04%
2020-12-22 00:00:00+01:00;148,33;149,18;148,02;148,54;7476;0,00;0,00;-0,41%
2020-12-23 00:00:00+01:00;148,42;148,82;147,80;148,75;7124;0,00;0,00;0,14%
2020-12-28 00:00:00+01:00;149,41;150,22;148,54;149,00;2065;0,00;0,00;0,17%
2020-12-29 00:00:00+01:00;148,76;149,03;148,20;149,03;912;0,00;0,00;0,02%
2020-12-30 00:00:00+01:00;148,42;148,50;148,23;148,23;2152;0,00;0,00;-0,54%
2021-01-04 00:00:00+01:00;152,50;153,37;152,00;153,24;14150;0,00;0,00;3,38%
2021-01-05 00:00:00+01:00;153,42;154,35;153,32;153,58;5295;0,00;0,00;0,22%
2021-01-06 00:00:00+01:00;152,98;153,58;150,14;150,47;2858;0,00;0,00;-2,03%
2021-01-07 00:00:00+01:00;151,16;151,60;150,80;151,03;3595;0,00;0,00;0,37%
2021-01-08 00:00:00+01:00;150,18;150,18;146,62;147,13;5670;0,00;0,00;-2,58%
2021-01-11 00:00:00+01:00;147,08;147,58;146,18;147,11;6653;0,00;0,00;-0,01%
2021-01-12 00:00:00+01:00;148,16;148,48;146,68;146,96;4232;0,00;0,00;-0,10%
2021-01-13 00:00:00+01:00;147,46;148,15;147,22;148,05;2224;0,00;0,00;0,74%
2021-01-14 00:00:00+01:00;146,90;147,72;146,40;147,29;2528;0,00;0,00;-0,51%
2021-01-15 00:00:00+01:00;147,94;148,12;146,18;146,41;8118;0,00;0,00;-0,60%
2021-01-18 00:00:00+01:00;147,28;147,48;146,99;147,45;1906;0,00;0,00;0,71%
2021-01-19 00:00:00+01:00;147,32;147,60;146,62;147,27;15945;0,00;0,00;-0,12%
2021-01-20 00:00:00+01:00;147,94;149,47;147,02;149,19;4564;0,00;0,00;1,30%
2021-01-21 00:00:00+01:00;149,44;149,58;148,30;148,69;2651;0,00;0,00;-0,34%
2021-01-22 00:00:00+01:00;148,38;148,42;146,44;147,51;2174;0,00;0,00;-0,79%
2021-01-25 00:00:00+01:00;147,50;148,92;147,42;147,89;2247;0,00;0,00;0,26%
2021-01-26 00:00:00+01:00;148,12;148,20;147,42;147,73;2641;0,00;0,00;-0,11%
2021-01-27 00:00:00+01:00;147,67;148,31;147,00;147,93;5296;0,00;0,00;0,14%
2021-01-28 00:00:00+01:00;147,04;148,60;147,04;148,21;2833;0,00;0,00;0,19%
2021-01-29 00:00:00+01:00;147,76;149,45;147,50;148,23;1672;0,00;0,00;0,01%
2021-02-01 00:00:00+01:00;148,78;149,67;148,78;149,19;31362;0,00;0,00;0,65%
2021-02-02 00:00:00+01:00;148,24;149,00;147,28;147,93;4761;0,00;0,00;-0,84%
2021-02-03 00:00:00+01:00;147,78;148,24;147,60;147,99;3620;0,00;0,00;0,04%
2021-02-04 00:00:00+01:00;147,18;147,20;144,38;144,68;20215;0,00;0,00;-2,24%
2021-02-05 00:00:00+01:00;145,58;146,48;144,84;145,73;9341;0,00;0,00;0,73%
2021-02-08 00:00:00+01:00;145,98;147,70;145,58;147,60;2478;0,00;0,00;1,28%
2021-02-09 00:00:00+01:00;147,68;147,78;147,19;147,19;1881;0,00;0,00;-0,28%
2021-02-10 00:00:00+01:00;147,38;147,64;146,54;146,81;2985;0,00;0,00;-0,26%
2021-02-11 00:00:00+01:00;147,32;147,42;146,62;146,62;2948;0,00;0,00;-0,13%
2021-02-12 00:00:00+01:00;145,23;146,13;145,00;145,93;4509;0,00;0,00;-0,47%
2021-02-15 00:00:00+01:00;145,16;145,52;144,94;145,33;2757;0,00;0,00;-0,41%
2021-02-16 00:00:00+01:00;145,36;145,50;143,28;144,21;4724;0,00;0,00;-0,77%
2021-02-17 00:00:00+01:00;143,40;143,78;142,60;142,77;6302;0,00;0,00;-1,00%
2021-02-18 00:00:00+01:00;143,18;143,58;142,00;142,46;45068;0,00;0,00;-0,22%
2021-02-19 00:00:00+01:00;141,98;142,93;141,14;142,60;21646;0,00;0,00;0,10%
2021-02-22 00:00:00+01:00;143,46;144,48;143,18;144,39;13440;0,00;0,00;1,26%
2021-02-23 00:00:00+01:00;143,86;144,60;143,50;143,97;3101;0,00;0,00;-0,29%
2021-02-24 00:00:00+01:00;144,04;144,14;142,44;143,56;5529;0,00;0,00;-0,28%
2021-02-25 00:00:00+01:00;142,34;142,42;140,28;140,87;38916;0,00;0,00;-1,87%
2021-02-26 00:00:00+01:00;140,38;141,08;137,76;137,83;22792;0,00;0,00;-2,16%
2021-03-01 00:00:00+01:00;140,59;140,78;139,20;139,51;75629;0,00;0,00;1,22%
2021-03-02 00:00:00+01:00;138,64;139,71;138,40;138,76;35376;0,00;0,00;-0,54%
2021-03-03 00:00:00+01:00;138,82;138,82;136,90;138,20;32854;0,00;0,00;-0,40%
2021-03-04 00:00:00+01:00;138,08;138,66;137,58;137,99;7690;0,00;0,00;-0,15%
2021-03-05 00:00:00+01:00;137,39;138,48;137,39;137,81;5857;0,00;0,00;-0,13%
2021-03-08 00:00:00+01:00;138,32;138,32;137,12;137,22;3632;0,00;0,00;-0,43%
2021-03-09 00:00:00+01:00;138,22;139,96;138,22;139,71;6313;0,00;0,00;1,81%
2021-03-10 00:00:00+01:00;139,62;140,06;139,14;139,79;4853;0,00;0,00;0,06%
2021-03-11 00:00:00+01:00;140,93;141,08;139,46;139,46;27870;0,00;0,00;-0,24%
2021-03-12 00:00:00+01:00;138,56;138,87;138,30;138,87;6290;0,00;0,00;-0,42%
2021-03-15 00:00:00+01:00;139,96;140,86;139,92;140,31;2179;0,00;0,00;1,04%
2021-03-16 00:00:00+01:00;140,54;141,59;140,30;140,78;7767;0,00;0,00;0,33%
2021-03-17 00:00:00+01:00;141,26;141,26;140,24;140,64;3123;0,00;0,00;-0,10%
2021-03-18 00:00:00+01:00;141,02;141,02;139,92;140,81;4942;0,00;0,00;0,12%
2021-03-19 00:00:00+01:00;141,30;141,78;141,10;141,51;1573;0,00;0,00;0,50%
2021-03-22 00:00:00+01:00;140,94;141,25;140,72;141,10;2886;0,00;0,00;-0,29%
2021-03-23 00:00:00+01:00;141,37;141,90;140,80;141,01;3106;0,00;0,00;-0,06%
2021-03-24 00:00:00+01:00;141,65;142,12;141,53;142,04;7109;0,00;0,00;0,73%
2021-03-25 00:00:00+01:00;142,16;143,06;141,66;142,42;3687;0,00;0,00;0,27%
2021-03-26 00:00:00+01:00;141,93;142,44;141,55;142,26;2733;0,00;0,00;-0,11%
2021-03-29 00:00:00+02:00;141,83;142,11;140,37;140,79;2949;0,00;0,00;-1,03%
2021-03-30 00:00:00+02:00;140,38;140,54;138,83;139,03;3838;0,00;0,00;-1,25%
2021-03-31 00:00:00+02:00;139,24;140,64;138,81;140,64;2082;0,00;0,00;1,16%
2021-04-01 00:00:00+02:00;141,68;142,40;141,18;142,27;8297;0,00;0,00;1,16%
2021-04-06 00:00:00+02:00;142,07;142,66;141,94;142,61;6466;0,00;0,00;0,24%
2021-04-07 00:00:00+02:00;141,96;141,98;141,20;141,72;6299;0,00;0,00;-0,62%
2021-04-08 00:00:00+02:00;142,18;143,00;142,08;142,75;9968;0,00;0,00;0,73%
2021-04-09 00:00:00+02:00;142,35;142,35;141,36;142,01;4984;0,00;0,00;-0,52%
2021-04-12 00:00:00+02:00;141,89;141,94;140,72;140,95;3822;0,00;0,00;-0,75%
2021-04-13 00:00:00+02:00;140,47;141,68;140,47;141,50;2145;0,00;0,00;0,39%
2021-04-14 00:00:00+02:00;141,36;141,36;140,28;140,29;1837;0,00;0,00;-0,86%
2021-04-15 00:00:00+02:00;141,15;143,14;141,15;143,14;6578;0,00;0,00;2,03%
2021-04-16 00:00:00+02:00;142,76;143,96;142,76;143,71;26471;0,00;0,00;0,40%
2021-04-19 00:00:00+02:00;143,90;144,16;142,47;142,74;4026;0,00;0,00;-0,67%
2021-04-20 00:00:00+02:00;141,99;142,87;141,68;142,87;1876;0,00;0,00;0,09%
2021-04-21 00:00:00+02:00;143,97;144,90;143,39;144,33;1465;0,00;0,00;1,02%
2021-04-22 00:00:00+02:00;144,10;144,18;143,04;143,57;3821;0,00;0,00;-0,53%
2021-04-23 00:00:00+02:00;143,66;143,94;142,36;142,59;7128;0,00;0,00;-0,68%
2021-04-26 00:00:00+02:00;142,21;142,81;141,82;142,52;3377;0,00;0,00;-0,05%
2021-04-27 00:00:00+02:00;142,89;142,96;142,60;142,61;1841;0,00;0,00;0,06%
2021-04-28 00:00:00+02:00;141,91;142,10;141,61;142,03;2256;0,00;0,00;-0,41%
2021-04-29 00:00:00+02:00;142,10;142,10;140,66;141,33;3115;0,00;0,00;-0,49%
2021-04-30 00:00:00+02:00;141,62;142,60;141,44;142,21;2475;0,00;0,00;0,62%
2021-05-03 00:00:00+02:00;143,19;144,19;142,70;143,79;17314;0,00;0,00;1,11%
2021-05-04 00:00:00+02:00;143,74;145,48;143,24;143,73;14519;0,00;0,00;-0,04%
2021-05-05 00:00:00+02:00;143,39;143,94;143,10;143,85;4915;0,00;0,00;0,08%
2021-05-06 00:00:00+02:00;144,52;145,92;143,90;145,76;29859;0,00;0,00;1,33%
2021-05-07 00:00:00+02:00;146,04;146,92;145,86;146,08;6820;0,00;0,00;0,22%
2021-05-10 00:00:00+02:00;146,05;146,65;146,00;146,40;12457;0,00;0,00;0,22%
2021-05-11 00:00:00+02:00;146,37;146,66;145,22;145,78;3351;0,00;0,00;-0,42%
2021-05-12 00:00:00+02:00;146,41;146,88;146,00;146,05;4089;0,00;0,00;0,19%
2021-05-13 00:00:00+02:00;145,78;146,38;145,32;146,37;11859;0,00;0,00;0,22%
2021-05-14 00:00:00+02:00;146,69;146,72;146,48;146,72;386;0,00;0,00;0,24%
2021-05-17 00:00:00+02:00;147,88;148,71;147,04;148,71;6932;0,00;0,00;1,36%
2021-05-18 00:00:00+02:00;148,54;148,58;147,88;148,11;18552;0,00;0,00;-0,40%
2021-05-19 00:00:00+02:00;148,11;149,66;146,33;149,32;9754;0,00;0,00;0,82%
2021-05-20 00:00:00+02:00;148,78;149,06;148,18;148,89;20626;0,00;0,00;-0,29%
2021-05-21 00:00:00+02:00;148,33;149,86;148,32;149,06;42490;0,00;0,00;0,11%
2021-05-25 00:00:00+02:00;149,04;149,71;148,58;149,71;4458;0,00;0,00;0,44%
2021-05-26 00:00:00+02:00;150,59;151,37;150,56;150,93;5454;0,00;0,00;0,81%
2021-05-27 00:00:00+02:00;150,88;150,93;149,94;150,29;2230;0,00;0,00;-0,42%
2021-05-28 00:00:00+02:00;150,20;151,31;150,15;150,39;5908;0,00;0,00;0,07%
2021-05-31 00:00:00+02:00;151,33;151,41;150,83;150,89;2829;0,00;0,00;0,33%
2021-06-01 00:00:00+02:00;151,54;151,54;149,66;150,16;6779;0,00;0,00;-0,48%
2021-06-02 00:00:00+02:00;150,50;151,39;150,50;150,96;7779;0,00;0,00;0,53%
2021-06-03 00:00:00+02:00;150,73;150,75;148,84;149,22;12772;0,00;0,00;-1,15%
2021-06-04 00:00:00+02:00;149,65;150,75;149,43;150,59;13349;0,00;0,00;0,92%
2021-06-07 00:00:00+02:00;150,09;150,31;149,96;150,28;79269;0,00;0,00;-0,21%
2021-06-08 00:00:00+02:00;150,81;150,91;149,85;150,42;11473;0,00;0,00;0,09%
2021-06-09 00:00:00+02:00;150,34;150,48;149,90;150,26;5846;0,00;0,00;-0,11%
2021-06-10 00:00:00+02:00;149,95;150,56;148,97;150,55;9360;0,00;0,00;0,19%
2021-06-11 00:00:00+02:00;151,05;151,15;150,18;150,18;8685;0,00;0,00;-0,25%
2021-06-14 00:00:00+02:00;148,86;149,16;147,53;148,90;13427;0,00;0,00;-0,85%
2021-06-15 00:00:00+02:00;148,97;149,24;148,40;148,54;11767;0,00;0,00;-0,24%
2021-06-16 00:00:00+02:00;148,55;148,61;148,09;148,50;3550;0,00;0,00;-0,03%
2021-06-17 00:00:00+02:00;146,61;146,61;143,81;143,89;58273;0,00;0,00;-3,10%
2021-06-18 00:00:00+02:00;145,22;145,80;144,50;145,07;12390;0,00;0,00;0,82%
2021-06-21 00:00:00+02:00;144,99;145,22;144,39;144,98;5073;0,00;0,00;-0,06%
2021-06-22 00:00:00+02:00;144,87;145,39;144,30;144,43;67708;0,00;0,00;-0,38%
2021-06-23 00:00:00+02:00;144,70;145,21;144,22;144,77;7506;0,00;0,00;0,24%
2021-06-24 00:00:00+02:00;144,10;144,95;144,10;144,38;1464;0,00;0,00;-0,27%
2021-06-25 00:00:00+02:00;144,31;144,78;144,28;144,30;2546;0,00;0,00;-0,06%
2021-06-28 00:00:00+02:00;144,65;144,68;143,99;144,36;2317;0,00;0,00;0,04%
2021-06-29 00:00:00+02:00;144,25;144,25;142,67;143,22;13971;0,00;0,00;-0,79%
2021-06-30 00:00:00+02:00;143,12;144,25;142,75;144,25;31851;0,00;0,00;0,72%
2021-07-01 00:00:00+02:00;145,05;145,28;144,47;144,62;7601;0,00;0,00;0,26%
2021-07-02 00:00:00+02:00;145,28;146,57;145,28;145,70;17174;0,00;0,00;0,75%
2021-07-05 00:00:00+02:00;146,00;146,26;145,96;146,17;2479;0,00;0,00;0,32%
2021-07-06 00:00:00+02:00;147,07;148,25;147,07;147,64;1690;0,00;0,00;1,01%
2021-07-07 00:00:00+02:00;147,62;148,31;147,55;147,74;6714;0,00;0,00;0,07%
2021-07-08 00:00:00+02:00;147,52;148,65;146,53;146,91;15121;0,00;0,00;-0,56%
2021-07-09 00:00:00+02:00;147,14;147,66;146,84;147,66;26501;0,00;0,00;0,51%
2021-07-12 00:00:00+02:00;146,87;147,35;146,42;147,25;3235;0,00;0,00;-0,28%
2021-07-13 00:00:00+02:00;147,83;148,60;147,64;148,60;2756;0,00;0,00;0,92%
2021-07-14 00:00:00+02:00;148,75;149,65;148,75;149,20;3929;0,00;0,00;0,40%
2021-07-15 00:00:00+02:00;149,79;149,94;149,16;149,50;4794;0,00;0,00;0,20%
2021-07-16 00:00:00+02:00;149,56;149,59;148,47;148,47;3710;0,00;0,00;-0,69%
2021-07-19 00:00:00+02:00;148,05;148,72;147,94;148,19;5868;0,00;0,00;-0,19%
2021-07-20 00:00:00+02:00;149,17;150,08;148,67;148,67;8406;0,00;0,00;0,32%
2021-07-21 00:00:00+02:00;149,03;149,16;147,84;148,07;2865;0,00;0,00;-0,40%
2021-07-22 00:00:00+02:00;147,92;148,56;147,16;148,56;2757;0,00;0,00;0,33%
2021-07-23 00:00:00+02:00;148,61;148,61;147,58;148,17;1619;0,00;0,00;-0,26%
2021-07-26 00:00:00+02:00;148,56;148,74;147,47;147,51;3962;0,00;0,00;-0,45%
2021-07-27 00:00:00+02:00;147,44;147,75;147,09;147,42;3549;0,00;0,00;-0,06%
2021-07-28 00:00:00+02:00;147,98;147,98;147,28;147,58;1802;0,00;0,00;0,11%
2021-07-29 00:00:00+02:00;148,46;149,08;148,20;149,04;36030;0,00;0,00;0,99%
2021-07-30 00:00:00+02:00;148,90;148,92;148,49;148,70;1895;0,00;0,00;-0,23%
2021-08-02 00:00:00+02:00;147,34;147,92;147,06;147,92;3301;0,00;0,00;-0,52%
2021-08-03 00:00:00+02:00;147,54;147,93;147,21;147,76;3238;0,00;0,00;-0,11%
2021-08-04 00:00:00+02:00;147,88;149,00;147,83;147,84;12236;0,00;0,00;0,05%
2021-08-05 00:00:00+02:00;147,96;148,17;147,09;147,43;3191;0,00;0,00;-0,28%
2021-08-06 00:00:00+02:00;147,30;147,59;144,88;144,89;20284;0,00;0,00;-1,72%
2021-08-09 00:00:00+02:00;143,67;143,86;142,33;142,43;13717;0,00;0,00;-1,70%
2021-08-10 00:00:00+02:00;143,04;143,18;142,00;142,67;4054;0,00;0,00;0,17%
2021-08-11 00:00:00+02:00;143,06;144,31;143,00;144,31;87074;0,00;0,00;1,15%
2021-08-12 00:00:00+02:00;144,59;144,88;144,01;144,32;4337;0,00;0,00;0,01%
2021-08-13 00:00:00+02:00;145,07;145,79;144,81;145,79;9456;0,00;0,00;1,02%
2021-08-16 00:00:00+02:00;145,72;147,01;145,61;146,61;11402;0,00;0,00;0,56%
2021-08-17 00:00:00+02:00;147,43;147,80;147,03;147,20;17646;0,00;0,00;0,40%
2021-08-18 00:00:00+02:00;147,97;148,01;147,07;147,34;16711;0,00;0,00;0,10%
2021-08-19 00:00:00+02:00;147,58;148,25;147,21;147,56;9122;0,00;0,00;0,15%
2021-08-20 00:00:00+02:00;148,11;148,11;147,42;147,79;2994;0,00;0,00;0,16%
2021-08-23 00:00:00+02:00;147,62;148,94;147,36;148,82;8308;0,00;0,00;0,70%
2021-08-24 00:00:00+02:00;148,63;149,02;148,49;148,81;2671;0,00;0,00;-0,01%
2021-08-25 00:00:00+02:00;147,97;148,05;146,92;147,16;11636;0,00;0,00;-1,11%
2021-08-26 00:00:00+02:00;146,88;147,74;146,67;147,70;1483;0,00;0,00;0,37%
2021-08-27 00:00:00+02:00;148,32;148,47;147,47;148,47;14512;0,00;0,00;0,52%
2021-08-30 00:00:00+02:00;148,82;149,02;148,48;148,48;2287;0,00;0,00;0,01%
2021-08-31 00:00:00+02:00;148,55;148,74;147,69;148,25;4816;0,00;0,00;-0,15%
2021-09-01 00:00:00+02:00;148,79;148,79;147,78;148,22;2805;0,00;0,00;-0,02%
2021-09-02 00:00:00+02:00;148,23;148,40;147,43;147,80;4414;0,00;0,00;-0,28%
2021-09-03 00:00:00+02:00;147,79;149,17;147,63;149,04;6472;0,00;0,00;0,84%
2021-09-06 00:00:00+02:00;148,98;148,98;148,58;148,72;2188;0,00;0,00;-0,21%
2021-09-07 00:00:00+02:00;148,24;148,30;146,48;146,64;5667;0,00;0,00;-1,40%
2021-09-08 00:00:00+02:00;146,88;147,34;146,25;146,78;7693;0,00;0,00;0,10%
2021-09-09 00:00:00+02:00;146,49;147,24;146,32;146,67;10584;0,00;0,00;-0,07%
2021-09-10 00:00:00+02:00;147,43;147,43;146,60;146,78;4440;0,00;0,00;0,07%
2021-09-13 00:00:00+02:00;146,83;147,32;146,72;146,99;2294;0,00;0,00;0,14%
2021-09-14 00:00:00+02:00;146,75;147,89;146,00;147,84;8637;0,00;0,00;0,58%
2021-09-15 00:00:00+02:00;147,58;147,82;146,85;146,91;3766;0,00;0,00;-0,63%
2021-09-16 00:00:00+02:00;146,48;146,73;143,88;144,36;2696;0,00;0,00;-1,74%
2021-09-17 00:00:00+02:00;144,88;145,14;144,00;144,64;4575;0,00;0,00;0,19%
2021-09-20 00:00:00+02:00;144,74;145,81;144,74;145,33;7673;0,00;0,00;0,48%
2021-09-21 00:00:00+02:00;145,27;147,07;145,20;147,07;3972;0,00;0,00;1,20%
2021-09-22 00:00:00+02:00;146,75;146,76;146,25;146,62;3783;0,00;0,00;-0,31%
2021-09-23 00:00:00+02:00;145,70;146,53;144,07;144,20;5088;0,00;0,00;-1,65%
2021-09-24 00:00:00+02:00;144,65;144,88;143,97;144,76;7508;0,00;0,00;0,39%
2021-09-27 00:00:00+02:00;145,28;145,29;144,47;144,96;4300;0,00;0,00;0,14%
2021-09-28 00:00:00+02:00;144,18;144,38;143,29;144,10;3816;0,00;0,00;-0,59%
2021-09-29 00:00:00+02:00;144,35;144,88;143,83;144,32;11039;0,00;0,00;0,15%
2021-09-30 00:00:00+02:00;144,15;147,09;144,11;146,96;5395;0,00;0,00;1,83%
2021-10-01 00:00:00+02:00;146,67;147,19;146,02;146,89;4930;0,00;0,00;-0,05%
2021-10-04 00:00:00+02:00;146,50;147,09;145,58;147,01;4030;0,00;0,00;0,08%
2021-10-05 00:00:00+02:00;146,55;146,89;146,13;146,72;3461;0,00;0,00;-0,20%
2021-10-06 00:00:00+02:00;146,40;147,63;146,15;147,53;6973;0,00;0,00;0,55%
2021-10-07 00:00:00+02:00;147,45;147,74;146,80;147,06;5931;0,00;0,00;-0,32%
2021-10-08 00:00:00+02:00;147,30;148,95;146,88;146,88;11646;0,00;0,00;-0,12%
2021-10-11 00:00:00+02:00;146,60;147,04;146,60;146,99;3208;0,00;0,00;0,07%
2021-10-12 00:00:00+02:00;147,44;148,34;147,08;147,65;2523;0,00;0,00;0,45%
2021-10-13 00:00:00+02:00;147,72;150,20;147,52;149,91;11384;0,00;0,00;1,53%
2021-10-14 00:00:00+02:00;149,59;150,08;149,43;150,08;3572;0,00;0,00;0,11%
2021-10-15 00:00:00+02:00;149,26;149,26;147,41;147,81;5978;0,00;0,00;-1,51%
2021-10-18 00:00:00+02:00;147,45;147,68;147,08;147,44;3458;0,00;0,00;-0,25%
2021-10-19 00:00:00+02:00;147,81;148,09;147,14;147,26;4933;0,00;0,00;-0,12%
2021-10-20 00:00:00+02:00;147,72;148,61;147,65;148,24;2547;0,00;0,00;0,67%
2021-10-21 00:00:00+02:00;148,03;148,61;147,87;147,95;4195;0,00;0,00;-0,20%
2021-10-22 00:00:00+02:00;149,09;150,61;148,88;149,10;2593;0,00;0,00;0,78%
2021-10-25 00:00:00+02:00;149,32;150,72;149,09;150,65;2191;0,00;0,00;1,04%
2021-10-26 00:00:00+02:00;150,44;150,45;148,61;149,26;3531;0,00;0,00;-0,92%
2021-10-27 00:00:00+02:00;149,17;149,71;148,98;149,62;2512;0,00;0,00;0,24%
2021-10-28 00:00:00+02:00;150,33;150,61;148,61;149,33;3970;0,00;0,00;-0,19%
2021-10-29 00:00:00+02:00;148,85;149,36;147,87;148,79;5267;0,00;0,00;-0,36%
2021-11-01 00:00:00+01:00;149,10;150,15;149,07;149,63;1901;0,00;0,00;0,56%
2021-11-02 00:00:00+01:00;149,44;149,86;149,25;149,36;3383;0,00;0,00;-0,18%
2021-11-03 00:00:00+01:00;148,89;149,16;147,22;147,29;2077;0,00;0,00;-1,39%
2021-11-04 00:00:00+01:00;148,37;150,67;148,37;150,22;3604;0,00;0,00;1,99%
2021-11-05 00:00:00+01:00;150,43;151,71;150,02;151,70;12481;0,00;0,00;0,99%
2021-11-08 00:00:00+01:00;152,04;152,51;151,47;152,22;5873;0,00;0,00;0,34%
2021-11-09 00:00:00+01:00;151,96;152,87;151,96;152,66;87922;0,00;0,00;0,29%
2021-11-10 00:00:00+01:00;152,68;156,07;152,58;156,02;3113;0,00;0,00;2,20%
2021-11-11 00:00:00+01:00;156,70;157,38;156,63;157,06;5994;0,00;0,00;0,67%
2021-11-12 00:00:00+01:00;156,96;157,57;156,09;157,42;4655;0,00;0,00;0,23%
2021-11-15 00:00:00+01:00;157,22;158,00;157,22;157,86;11100;0,00;0,00;0,28%
2021-11-16 00:00:00+01:00;158,61;160,42;158,26;158,26;5005;0,00;0,00;0,25%
2021-11-17 00:00:00+01:00;158,84;159,61;158,84;159,44;3145;0,00;0,00;0,75%
2021-11-18 00:00:00+01:00;159,48;159,48;158,53;158,57;4465;0,00;0,00;-0,55%
2021-11-19 00:00:00+01:00;158,48;159,81;158,33;158,81;4750;0,00;0,00;0,15%
2021-11-22 00:00:00+01:00;158,33;158,51;155,95;155,95;8643;0,00;0,00;-1,80%
2021-11-23 00:00:00+01:00;155,57;155,57;153,21;153,21;7976;0,00;0,00;-1,76%
2021-11-24 00:00:00+01:00;154,24;154,76;153,73;154,75;3748;0,00;0,00;1,01%
2021-11-25 00:00:00+01:00;154,68;154,77;154,35;154,37;2663;0,00;0,00;-0,25%
2021-11-26 00:00:00+01:00;155,61;155,61;153,52;153,52;3880;0,00;0,00;-0,55%
2021-11-29 00:00:00+01:00;154,12;155,14;153,22;153,22;3694;0,00;0,00;-0,20%
2021-11-30 00:00:00+01:00;153,02;153,76;152,13;152,13;3761;0,00;0,00;-0,71%
2021-12-01 00:00:00+01:00;151,99;152,80;151,99;152,45;9154;0,00;0,00;0,21%
2021-12-02 00:00:00+01:00;151,87;151,87;150,49;151,07;20622;0,00;0,00;-0,91%
2021-12-03 00:00:00+01:00;151,62;152,17;151,35;152,09;1827;0,00;0,00;0,68%
2021-12-06 00:00:00+01:00;152,83;152,93;152,26;152,70;11347;0,00;0,00;0,40%
2021-12-07 00:00:00+01:00;152,78;153,65;152,64;153,65;9959;0,00;0,00;0,62%
2021-12-08 00:00:00+01:00;153,31;153,60;152,16;152,20;4142;0,00;0,00;-0,94%
2021-12-09 00:00:00+01:00;152,50;152,59;151,74;152,35;4406;0,00;0,00;0,10%
2021-12-10 00:00:00+01:00;151,90;153,15;151,77;152,69;2516;0,00;0,00;0,22%
2021-12-13 00:00:00+01:00;152,99;153,51;152,97;153,26;7674;0,00;0,00;0,37%
2021-12-14 00:00:00+01:00;153,01;153,09;151,50;152,14;3631;0,00;0,00;-0,73%
2021-12-15 00:00:00+01:00;151,77;152,17;151,72;151,82;4349;0,00;0,00;-0,21%
2021-12-16 00:00:00+01:00;152,71;154,66;152,23;153,82;8565;0,00;0,00;1,32%
2021-12-17 00:00:00+01:00;154,58;154,93;154,14;154,71;12329;0,00;0,00;0,58%
2021-12-20 00:00:00+01:00;154,64;154,73;153,56;153,69;12520;0,00;0,00;-0,66%
2021-12-21 00:00:00+01:00;153,70;154,20;153,21;153,33;2196;0,00;0,00;-0,23%
2021-12-22 00:00:00+01:00;153,48;153,56;153,15;153,56;6105;0,00;0,00;0,15%
2021-12-23 00:00:00+01:00;154,24;154,81;153,89;154,48;7664;0,00;0,00;0,60%
2021-12-27 00:00:00+01:00;154,45;155,02;154,20;154,76;4764;0,00;0,00;0,18%
2021-12-28 00:00:00+01:00;155,08;155,31;154,74;154,75;7587;0,00;0,00;-0,01%
2021-12-29 00:00:00+01:00;154,34;154,70;153,08;153,77;2950;0,00;0,00;-0,63%
2021-12-30 00:00:00+01:00;153,78;154,22;153,78;153,88;2087;0,00;0,00;0,07%
2022-01-03 00:00:00+01:00;155,58;155,70;153,98;154,17;10464;0,00;0,00;0,19%
2022-01-04 00:00:00+01:00;154,64;155,36;154,31;155,36;10774;0,00;0,00;0,77%
2022-01-05 00:00:00+01:00;155,34;156,11;155,29;155,72;3853;0,00;0,00;0,23%
2022-01-06 00:00:00+01:00;154,37;154,37;152,87;153,17;4486;0,00;0,00;-1,64%
2022-01-07 00:00:00+01:00;153,10;153,52;152,50;152,74;3003;0,00;0,00;-0,28%
2022-01-10 00:00:00+01:00;153,12;154,05;153,12;153,27;4358;0,00;0,00;0,35%
2022-01-11 00:00:00+01:00;154,31;154,64;153,92;154,64;14684;0,00;0,00;0,89%
2022-01-12 00:00:00+01:00;154,74;154,88;154,17;154,36;13476;0,00;0,00;-0,18%
2022-01-13 00:00:00+01:00;153,95;153,99;153,08;153,23;10096;0,00;0,00;-0,73%
2022-01-14 00:00:00+01:00;154,16;154,36;153,69;154,12;9129;0,00;0,00;0,58%
2022-01-17 00:00:00+01:00;154,25;154,56;154,17;154,29;6214;0,00;0,00;0,11%
2022-01-18 00:00:00+01:00;154,11;155,21;153,61;154,67;7396;0,00;0,00;0,25%
2022-01-19 00:00:00+01:00;154,71;156,90;154,71;156,82;6004;0,00;0,00;1,39%
2022-01-20 00:00:00+01:00;156,69;157,42;156,58;156,97;5201;0,00;0,00;0,10%
2022-01-21 00:00:00+01:00;156,98;157,06;156,17;156,42;7034;0,00;0,00;-0,35%
2022-01-24 00:00:00+01:00;157,15;157,48;156,60;156,83;8503;0,00;0,00;0,26%
2022-01-25 00:00:00+01:00;157,54;158,80;157,30;158,33;9429;0,00;0,00;0,96%
2022-01-26 00:00:00+01:00;158,05;158,49;157,10;157,15;7681;0,00;0,00;-0,75%
2022-01-27 00:00:00+01:00;156,57;157,04;155,59;155,59;11870;0,00;0,00;-0,99%
2022-01-28 00:00:00+01:00;155,95;155,95;154,41;154,71;6677;0,00;0,00;-0,57%
2022-01-31 00:00:00+01:00;154,95;155,50;154,75;155,03;8711;0,00;0,00;0,21%
2022-02-01 00:00:00+01:00;154,82;155,46;154,60;155,46;5116;0,00;0,00;0,28%
2022-02-02 00:00:00+01:00;154,06;154,92;154,01;154,81;9905;0,00;0,00;-0,42%
2022-02-03 00:00:00+01:00;154,46;154,78;151,92;152,71;17936;0,00;0,00;-1,36%
2022-02-04 00:00:00+01:00;152,65;153,21;151,83;152,57;6949;0,00;0,00;-0,09%
2022-02-07 00:00:00+01:00;153,36;153,74;153,13;153,68;6848;0,00;0,00;0,73%
2022-02-08 00:00:00+01:00;154,19;154,88;153,79;154,74;3168;0,00;0,00;0,69%
2022-02-09 00:00:00+01:00;154,81;154,99;154,43;154,83;6867;0,00;0,00;0,06%
2022-02-10 00:00:00+01:00;155,16;155,43;154,56;154,84;13678;0,00;0,00;0,01%
2022-02-11 00:00:00+01:00;155,20;155,85;154,86;155,61;22989;0,00;0,00;0,50%
2022-02-14 00:00:00+01:00;158,15;160,11;157,97;159,11;23782;0,00;0,00;2,25%
2022-02-15 00:00:00+01:00;160,44;160,49;157,22;157,52;15085;0,00;0,00;-1,00%
2022-02-16 00:00:00+01:00;157,78;158,64;157,47;158,64;10646;0,00;0,00;0,71%
2022-02-17 00:00:00+01:00;159,45;161,52;159,44;161,24;16004;0,00;0,00;1,64%
2022-02-18 00:00:00+01:00;161,02;162,02;160,60;161,52;11935;0,00;0,00;0,17%
2022-02-21 00:00:00+01:00;160,87;162,76;160,87;161,72;9945;0,00;0,00;0,12%
2022-02-22 00:00:00+01:00;163,54;163,57;161,28;162,14;19128;0,00;0,00;0,26%
2022-02-23 00:00:00+01:00;161,74;163,16;161,13;163,03;84220;0,00;0,00;0,55%
2022-02-24 00:00:00+01:00;166,86;171,03;166,64;166,68;148537;0,00;0,00;2,24%
2022-02-25 00:00:00+01:00;165,17;165,66;161,92;162,14;23829;0,00;0,00;-2,72%
2022-02-28 00:00:00+01:00;164,21;166,00;163,54;163,69;86119;0,00;0,00;0,96%
2022-03-01 00:00:00+01:00;164,46;167,88;164,46;167,82;14575;0,00;0,00;2,52%
2022-03-02 00:00:00+01:00;169,36;169,44;166,90;166,90;27794;0,00;0,00;-0,55%
2022-03-03 00:00:00+01:00;168,52;169,16;167,98;168,69;43097;0,00;0,00;1,07%
2022-03-04 00:00:00+01:00;170,06;173,92;169,99;173,81;88983;0,00;0,00;3,04%
2022-03-07 00:00:00+01:00;176,88;178,95;173,89;176,55;52371;0,00;0,00;1,58%
2022-03-08 00:00:00+01:00;179,63;183,34;177,44;183,29;132559;0,00;0,00;3,82%
2022-03-09 00:00:00+01:00;181,09;181,09;173,32;174,58;50596;0,00;0,00;-4,75%
2022-03-10 00:00:00+01:00;173,30;176,20;172,36;175,06;53296;0,00;0,00;0,27%
2022-03-11 00:00:00+01:00;175,17;175,86;172,00;175,30;64423;0,00;0,00;0,14%
2022-03-14 00:00:00+01:00;174,43;174,43;172,15;172,33;67197;0,00;0,00;-1,69%
2022-03-15 00:00:00+01:00;169,42;170,03;168,00;169,88;17448;0,00;0,00;-1,42%
2022-03-16 00:00:00+01:00;168,80;169,37;167,24;167,62;5306;0,00;0,00;-1,33%
2022-03-17 00:00:00+01:00;169,56;170,59;169,02;169,02;27032;0,00;0,00;0,84%
2022-03-18 00:00:00+01:00;168,94;170,10;168,37;168,37;10686;0,00;0,00;-0,38%
2022-03-21 00:00:00+01:00;168,38;169,61;167,96;169,50;4671;0,00;0,00;0,67%
2022-03-22 00:00:00+01:00;170,15;170,15;167,49;168,67;25138;0,00;0,00;-0,49%
2022-03-23 00:00:00+01:00;168,67;170,82;168,65;169,95;7800;0,00;0,00;0,76%
2022-03-24 00:00:00+01:00;171,30;172,94;170,48;172,65;17404;0,00;0,00;1,59%
2022-03-25 00:00:00+01:00;171,62;172,28;170,79;172,28;56326;0,00;0,00;-0,21%
2022-03-28 00:00:00+02:00;170,95;171,58;169,62;170,64;79000;0,00;0,00;-0,95%
2022-03-29 00:00:00+02:00;169,05;169,05;164,40;166,54;21102;0,00;0,00;-2,40%
2022-03-30 00:00:00+02:00;167,18;167,90;166,29;167,64;9665;0,00;0,00;0,66%
2022-03-31 00:00:00+02:00;166,86;169,42;166,80;169,39;10453;0,00;0,00;1,04%
2022-04-01 00:00:00+02:00;168,79;169,54;168,25;168,90;10084;0,00;0,00;-0,29%
2022-04-04 00:00:00+02:00;169,02;170,36;168,95;169,85;10444;0,00;0,00;0,56%
2022-04-05 00:00:00+02:00;170,25;171,25;169,62;170,56;25116;0,00;0,00;0,42%
2022-04-06 00:00:00+02:00;170,38;171,16;170,19;170,87;21981;0,00;0,00;0,18%
2022-04-07 00:00:00+02:00;170,60;171,69;170,60;171,40;7716;0,00;0,00;0,31%
2022-04-08 00:00:00+02:00;171,81;173,67;171,62;172,96;20566;0,00;0,00;0,91%
2022-04-11 00:00:00+02:00;172,55;174,76;172,46;173,43;10592;0,00;0,00;0,27%
2022-04-12 00:00:00+02:00;174,48;175,79;173,57;175,77;15383;0,00;0,00;1,35%
2022-04-13 00:00:00+02:00;175,80;176,80;175,56;176,09;14588;0,00;0,00;0,18%
2022-04-14 00:00:00+02:00;174,94;176,77;174,35;175,97;6145;0,00;0,00;-0,07%
2022-04-19 00:00:00+02:00;177,16;177,40;174,89;175,15;34760;0,00;0,00;-0,47%
2022-04-20 00:00:00+02:00;173,78;174,40;173,52;174,04;4522;0,00;0,00;-0,63%
2022-04-21 00:00:00+02:00;173,28;173,48;172,06;172,95;10733;0,00;0,00;-0,63%
2022-04-22 00:00:00+02:00;174,52;174,74;172,44;173,10;8203;0,00;0,00;0,09%
2022-04-25 00:00:00+02:00;172,88;173,24;170,63;171,13;17065;0,00;0,00;-1,14%
2022-04-26 00:00:00+02:00;171,88;173,00;171,56;172,66;15738;0,00;0,00;0,89%
2022-04-27 00:00:00+02:00;172,82;174,20;171,79;172,83;11218;0,00;0,00;0,10%
2022-04-28 00:00:00+02:00;172,93;174,02;172,74;173,65;6231;0,00;0,00;0,47%
2022-04-29 00:00:00+02:00;175,47;175,83;174,78;174,95;4713;0,00;0,00;0,75%
2022-05-02 00:00:00+02:00;172,76;173,10;170,48;171,53;23300;0,00;0,00;-1,95%
2022-05-03 00:00:00+02:00;171,02;172,25;170,00;171,84;11902;0,00;0,00;0,18%
2022-05-04 00:00:00+02:00;171,52;171,99;170,98;171,11;8794;0,00;0,00;-0,42%
2022-05-05 00:00:00+02:00;173,08;174,77;172,59;173,17;22722;0,00;0,00;1,20%
2022-05-06 00:00:00+02:00;172,78;172,82;171,53;172,59;6402;0,00;0,00;-0,33%
2022-05-09 00:00:00+02:00;172,26;172,26;170,40;170,63;12175;0,00;0,00;-1,14%
2022-05-10 00:00:00+02:00;170,51;170,71;169,27;169,27;16850;0,00;0,00;-0,80%
2022-05-11 00:00:00+02:00;169,06;169,93;168,98;169,90;9070;0,00;0,00;0,37%
2022-05-12 00:00:00+02:00;170,43;171,70;170,31;170,61;26460;0,00;0,00;0,42%
2022-05-13 00:00:00+02:00;169,64;169,88;167,82;168,27;6933;0,00;0,00;-1,37%
2022-05-16 00:00:00+02:00;167,92;168,54;166,52;168,40;18333;0,00;0,00;0,08%
2022-05-17 00:00:00+02:00;168,98;168,98;167,10;167,19;13422;0,00;0,00;-0,72%
2022-05-18 00:00:00+02:00;166,60;167,47;166,18;167,47;7757;0,00;0,00;0,17%
2022-05-19 00:00:00+02:00;167,48;168,87;167,05;168,72;13291;0,00;0,00;0,75%
2022-05-20 00:00:00+02:00;169,04;169,18;167,93;168,87;3297;0,00;0,00;0,09%
2022-05-23 00:00:00+02:00;168,93;169,46;167,62;167,79;21976;0,00;0,00;-0,64%
2022-05-24 00:00:00+02:00;167,28;168,23;167,16;168,23;15936;0,00;0,00;0,26%
2022-05-25 00:00:00+02:00;168,02;168,66;167,44;167,57;141020;0,00;0,00;-0,39%
2022-05-26 00:00:00+02:00;167,42;167,42;166,27;166,44;19630;0,00;0,00;-0,67%
2022-05-27 00:00:00+02:00;166,87;167,84;166,71;167,46;4461;0,00;0,00;0,61%
2022-05-30 00:00:00+02:00;167,38;167,50;166,41;166,51;5104;0,00;0,00;-0,57%
2022-05-31 00:00:00+02:00;167,12;167,24;165,94;166,03;6041;0,00;0,00;-0,29%
2022-06-01 00:00:00+02:00;165,46;167,45;164,92;167,45;12684;0,00;0,00;0,86%
2022-06-02 00:00:00+02:00;167,65;168,70;167,36;168,37;26385;0,00;0,00;0,55%
2022-06-03 00:00:00+02:00;167,74;168,07;167,08;167,14;15788;0,00;0,00;-0,73%
2022-06-06 00:00:00+02:00;167,14;167,14;167,14;167,14;0;0,00;0,00;0,00%
2022-06-07 00:00:00+02:00;167,14;167,14;167,14;167,14;0;0,00;0,00;0,00%
2022-06-08 00:00:00+02:00;167,14;167,14;167,14;167,14;0;0,00;0,00;0,00%
2022-06-09 00:00:00+02:00;167,14;167,14;167,14;167,14;0;0,00;0,00;0,00%
2022-06-10 00:00:00+02:00;167,14;167,14;167,14;167,14;0;0,00;0,00;0,00%
2022-06-13 00:00:00+02:00;167,14;167,14;167,14;167,14;0;0,00;0,00;0,00%
2022-06-14 00:00:00+02:00;167,14;167,14;167,14;167,14;0;0,00;0,00;0,00%
2022-06-15 00:00:00+02:00;167,14;167,14;167,14;167,14;0;0,00;0,00;0,00%
2022-06-16 00:00:00+02:00;167,14;167,14;167,14;167,14;0;0,00;0,00;0,00%
2022-06-17 00:00:00+02:00;167,14;167,14;167,14;167,14;0;0,00;0,00;0,00%
2022-06-20 00:00:00+02:00;167,14;167,14;167,14;167,14;0;0,00;0,00;0,00%
2022-06-21 00:00:00+02:00;167,14;167,14;167,14;167,14;0;0,00;0,00;0,00%
2022-06-22 00:00:00+02:00;167,14;167,14;167,14;167,14;0;0,00;0,00;0,00%
2022-06-23 00:00:00+02:00;167,14;167,14;167,14;167,14;0;0,00;0,00;0,00%
2022-06-24 00:00:00+02:00;167,14;167,14;167,14;167,14;0;0,00;0,00;0,00%
2022-06-27 00:00:00+02:00;167,14;167,14;167,14;167,14;0;0,00;0,00;0,00%
2022-06-28 00:00:00+02:00;167,14;167,14;167,14;167,14;0;0,00;0,00;0,00%
2022-06-29 00:00:00+02:00;167,14;167,14;167,14;167,14;0;0,00;0,00;0,00%
2022-06-30 00:00:00+02:00;167,14;167,14;167,14;167,14;0;0,00;0,00;0,00%
2022-07-01 00:00:00+02:00;167,14;167,14;167,14;167,14;0;0,00;0,00;0,00%
2022-07-04 00:00:00+02:00;167,14;167,14;167,14;167,14;0;0,00;0,00;0,00%
2022-07-05 00:00:00+02:00;167,14;167,14;167,14;167,14;0;0,00;0,00;0,00%
2022-07-06 00:00:00+02:00;167,14;167,14;167,14;167,14;0;0,00;0,00;0,00%
2022-07-07 00:00:00+02:00;167,14;167,14;167,14;167,14;0;0,00;0,00;0,00%
2022-07-08 00:00:00+02:00;167,14;167,14;167,14;167,14;0;0,00;0,00;0,00%
2022-07-11 00:00:00+02:00;167,14;167,14;167,14;167,14;0;0,00;0,00;0,00%
2022-07-12 00:00:00+02:00;167,14;167,14;167,14;167,14;0;0,00;0,00;0,00%
2022-07-13 00:00:00+02:00;167,14;167,14;167,14;167,14;0;0,00;0,00;0,00%
2022-07-14 00:00:00+02:00;167,14;167,14;167,14;167,14;0;0,00;0,00;0,00%
2022-07-15 00:00:00+02:00;167,14;167,14;167,14;167,14;0;0,00;0,00;0,00%
2022-07-18 00:00:00+02:00;167,14;167,14;167,14;167,14;0;0,00;0,00;0,00%
2022-07-19 00:00:00+02:00;167,14;167,14;167,14;167,14;0;0,00;0,00;0,00%
2022-07-20 00:00:00+02:00;167,14;167,14;167,14;167,14;0;0,00;0,00;0,00%
2022-07-21 00:00:00+02:00;167,14;167,14;167,14;167,14;0;0,00;0,00;0,00%
2022-07-22 00:00:00+02:00;167,14;167,14;167,14;167,14;0;0,00;0,00;0,00%
2022-07-25 00:00:00+02:00;167,14;167,14;167,14;167,14;0;0,00;0,00;0,00%
2022-07-26 00:00:00+02:00;167,14;167,14;167,14;167,14;0;0,00;0,00;0,00%
2022-07-27 00:00:00+02:00;167,14;167,14;167,14;167,14;0;0,00;0,00;0,00%
2022-07-28 00:00:00+02:00;167,14;167,14;167,14;167,14;0;0,00;0,00;0,00%
2022-07-29 00:00:00+02:00;167,14;167,14;167,14;167,14;0;0,00;0,00;0,00%
2022-08-01 00:00:00+02:00;167,14;167,14;167,14;167,14;0;0,00;0,00;0,00%
2022-08-02 00:00:00+02:00;167,14;167,14;167,14;167,14;0;0,00;0,00;0,00%
2022-08-03 00:00:00+02:00;167,14;167,14;167,14;167,14;0;0,00;0,00;0,00%
2022-08-04 00:00:00+02:00;167,14;167,14;167,14;167,14;0;0,00;0,00;0,00%
2022-08-05 00:00:00+02:00;167,14;167,14;167,14;167,14;0;0,00;0,00;0,00%
2022-08-08 00:00:00+02:00;167,14;167,14;167,14;167,14;0;0,00;0,00;0,00%
2022-08-09 00:00:00+02:00;167,14;167,14;167,14;167,14;0;0,00;0,00;0,00%
2022-08-10 00:00:00+02:00;167,14;167,14;167,14;167,14;0;0,00;0,00;0,00%
2022-08-11 00:00:00+02:00;167,14;167,14;167,14;167,14;0;0,00;0,00;0,00%
2022-08-12 00:00:00+02:00;167,14;167,14;167,14;167,14;0;0,00;0,00;0,00%
2022-08-15 00:00:00+02:00;167,14;167,14;167,14;167,14;0;0,00;0,00;0,00%
2022-08-16 00:00:00+02:00;167,14;167,14;167,14;167,14;0;0,00;0,00;0,00%
2022-08-17 00:00:00+02:00;167,14;167,14;167,14;167,14;0;0,00;0,00;0,00%
2022-08-18 00:00:00+02:00;167,14;167,14;167,14;167,14;0;0,00;0,00;0,00%
2022-08-19 00:00:00+02:00;167,14;167,14;167,14;167,14;0;0,00;0,00;0,00%
2022-08-22 00:00:00+02:00;167,14;167,14;167,14;167,14;0;0,00;0,00;0,00%
2022-08-23 00:00:00+02:00;167,14;167,14;167,14;167,14;0;0,00;0,00;0,00%
2022-08-24 00:00:00+02:00;167,14;167,14;167,14;167,14;0;0,00;0,00;0,00%
2022-08-25 00:00:00+02:00;167,14;167,14;167,14;167,14;0;0,00;0,00;0,00%
2022-08-26 00:00:00+02:00;167,14;167,14;167,14;167,14;0;0,00;0,00;0,00%
2022-08-29 00:00:00+02:00;167,14;167,14;167,14;167,14;0;0,00;0,00;0,00%
2022-08-30 00:00:00+02:00;167,14;167,14;167,14;167,14;0;0,00;0,00;0,00%
2022-08-31 00:00:00+02:00;167,14;167,14;167,14;167,14;0;0,00;0,00;0,00%
2022-09-01 00:00:00+02:00;167,14;167,14;167,14;167,14;0;0,00;0,00;0,00%
2022-09-02 00:00:00+02:00;167,14;167,14;167,14;167,14;0;0,00;0,00;0,00%
2022-09-05 00:00:00+02:00;167,14;167,14;167,14;167,14;0;0,00;0,00;0,00%
2022-09-06 00:00:00+02:00;167,14;167,14;167,14;167,14;0;0,00;0,00;0,00%
2022-09-07 00:00:00+02:00;167,14;167,14;167,14;167,14;0;0,00;0,00;0,00%
2022-09-08 00:00:00+02:00;167,14;167,14;167,14;167,14;0;0,00;0,00;0,00%
2022-09-09 00:00:00+02:00;167,14;167,14;167,14;167,14;0;0,00;0,00;0,00%
2022-09-12 00:00:00+02:00;167,14;167,14;167,14;167,14;0;0,00;0,00;0,00%
2022-09-13 00:00:00+02:00;167,14;167,14;167,14;167,14;0;0,00;0,00;0,00%
2022-09-14 00:00:00+02:00;167,14;167,14;167,14;167,14;0;0,00;0,00;0,00%
2022-09-15 00:00:00+02:00;167,14;167,14;167,14;167,14;0;0,00;0,00;0,00%
2022-09-16 00:00:00+02:00;167,14;167,14;167,14;167,14;0;0,00;0,00;0,00%
2022-09-19 00:00:00+02:00;167,14;167,14;167,14;167,14;0;0,00;0,00;0,00%
2022-09-20 00:00:00+02:00;167,14;167,14;167,14;167,14;0;0,00;0,00;0,00%
2022-09-21 00:00:00+02:00;167,14;167,14;167,14;167,14;0;0,00;0,00;0,00%
2022-09-22 00:00:00+02:00;167,14;167,14;167,14;167,14;0;0,00;0,00;0,00%
2022-09-23 00:00:00+02:00;167,14;167,14;167,14;167,14;0;0,00;0,00;0,00%
2022-09-26 00:00:00+02:00;167,14;167,14;167,14;167,14;0;0,00;0,00;0,00%
2022-09-27 00:00:00+02:00;167,14;167,14;167,14;167,14;0;0,00;0,00;0,00%
2022-09-28 00:00:00+02:00;167,14;167,14;167,14;167,14;0;0,00;0,00;0,00%
2022-09-29 00:00:00+02:00;167,14;167,14;167,14;167,14;0;0,00;0,00;0,00%
2022-09-30 00:00:00+02:00;167,14;167,14;167,14;167,14;0;0,00;0,00;0,00%
2022-10-03 00:00:00+02:00;167,14;167,14;167,14;167,14;0;0,00;0,00;0,00%
2022-10-04 00:00:00+02:00;167,14;167,14;167,14;167,14;0;0,00;0,00;0,00%
2022-10-05 00:00:00+02:00;167,14;167,14;167,14;167,14;0;0,00;0,00;0,00%
2022-10-06 00:00:00+02:00;167,14;167,14;167,14;167,14;0;0,00;0,00;0,00%
2022-10-07 00:00:00+02:00;167,14;167,14;167,14;167,14;0;0,00;0,00;0,00%
2022-10-10 00:00:00+02:00;167,14;167,14;167,14;167,14;0;0,00;0,00;0,00%
2022-10-11 00:00:00+02:00;167,14;167,14;167,14;167,14;0;0,00;0,00;0,00%
2022-10-12 00:00:00+02:00;167,14;167,14;167,14;167,14;0;0,00;0,00;0,00%
2022-10-13 00:00:00+02:00;167,14;167,14;167,14;167,14;0;0,00;0,00;0,00%
2022-10-14 00:00:00+02:00;167,14;167,14;167,14;167,14;0;0,00;0,00;0,00%
2022-10-17 00:00:00+02:00;167,14;167,14;167,14;167,14;0;0,00;0,00;0,00%
2022-10-18 00:00:00+02:00;167,14;167,14;167,14;167,14;0;0,00;0,00;0,00%
2022-10-19 00:00:00+02:00;167,14;167,14;167,14;167,14;0;0,00;0,00;0,00%
2022-10-20 00:00:00+02:00;167,14;167,14;167,14;167,14;0;0,00;0,00;0,00%
2022-10-21 00:00:00+02:00;167,14;167,14;167,14;167,14;0;0,00;0,00;0,00%
2022-10-24 00:00:00+02:00;167,14;167,14;167,14;167,14;0;0,00;0,00;0,00%
2022-10-25 00:00:00+02:00;167,14;167,14;167,14;167,14;0;0,00;0,00;0,00%
2022-10-26 00:00:00+02:00;167,14;167,14;167,14;167,14;0;0,00;0,00;0,00%
2022-10-27 00:00:00+02:00;167,14;167,14;167,14;167,14;0;0,00;0,00;0,00%
2022-10-28 00:00:00+02:00;167,14;167,14;167,14;167,14;0;0,00;0,00;0,00%
2022-10-31 00:00:00+01:00;167,14;167,14;167,14;167,14;0;0,00;0,00;0,00%
2022-11-01 00:00:00+01:00;167,14;167,14;167,14;167,14;0;0,00;0,00;0,00%
2022-11-02 00:00:00+01:00;167,14;167,14;167,14;167,14;0;0,00;0,00;0,00%
2022-11-03 00:00:00+01:00;167,14;167,14;167,14;167,14;0;0,00;0,00;0,00%
2022-11-04 00:00:00+01:00;167,14;167,14;167,14;167,14;0;0,00;0,00;0,00%
2022-11-07 00:00:00+01:00;167,14;167,14;167,14;167,14;0;0,00;0,00;0,00%
2022-11-08 00:00:00+01:00;167,14;167,14;167,14;167,14;0;0,00;0,00;0,00%
2022-11-09 00:00:00+01:00;167,14;167,14;167,14;167,14;0;0,00;0,00;0,00%
2022-11-10 00:00:00+01:00;167,14;167,14;167,14;167,14;0;0,00;0,00;0,00%
2022-11-11 00:00:00+01:00;167,14;167,14;167,14;167,14;0;0,00;0,00;0,00%
2022-11-14 00:00:00+01:00;167,14;167,14;167,14;167,14;0;0,00;0,00;0,00%
2022-11-15 00:00:00+01:00;167,14;167,14;167,14;167,14;0;0,00;0,00;0,00%
2022-11-16 00:00:00+01:00;167,14;167,14;167,14;167,14;0;0,00;0,00;0,00%
2022-11-17 00:00:00+01:00;167,14;167,14;167,14;167,14;0;0,00;0,00;0,00%
2022-11-18 00:00:00+01:00;167,14;167,14;167,14;167,14;0;0,00;0,00;0,00%
2022-11-21 00:00:00+01:00;167,14;167,14;167,14;167,14;0;0,00;0,00;0,00%
2022-11-22 00:00:00+01:00;167,14;167,14;167,14;167,14;0;0,00;0,00;0,00%
2022-11-23 00:00:00+01:00;167,14;167,14;167,14;167,14;0;0,00;0,00;0,00%
2022-11-24 00:00:00+01:00;167,14;167,14;167,14;167,14;0;0,00;0,00;0,00%
2022-11-25 00:00:00+01:00;167,14;167,14;167,14;167,14;0;0,00;0,00;0,00%
2022-11-28 00:00:00+01:00;167,14;167,14;167,14;167,14;0;0,00;0,00;0,00%
2022-11-29 00:00:00+01:00;167,14;167,14;167,14;167,14;0;0,00;0,00;0,00%
2022-11-30 00:00:00+01:00;167,14;167,14;167,14;167,14;0;0,00;0,00;0,00%
2022-12-01 00:00:00+01:00;167,14;167,14;167,14;167,14;0;0,00;0,00;0,00%
2022-12-02 00:00:00+01:00;167,14;167,14;167,14;167,14;0;0,00;0,00;0,00%
2022-12-05 00:00:00+01:00;167,14;167,14;167,14;167,14;0;0,00;0,00;0,00%
2022-12-06 00:00:00+01:00;167,14;167,14;167,14;167,14;0;0,00;0,00;0,00%
2022-12-07 00:00:00+01:00;167,14;167,14;167,14;167,14;0;0,00;0,00;0,00%
2022-12-08 00:00:00+01:00;167,14;167,14;167,14;167,14;0;0,00;0,00;0,00%
2022-12-09 00:00:00+01:00;167,14;167,14;167,14;167,14;0;0,00;0,00;0,00%
2022-12-12 00:00:00+01:00;167,14;167,14;167,14;167,14;0;0,00;0,00;0,00%
2022-12-13 00:00:00+01:00;167,14;167,14;167,14;167,14;0;0,00;0,00;0,00%
2022-12-14 00:00:00+01:00;167,14;167,14;167,14;167,14;0;0,00;0,00;0,00%
2022-12-15 00:00:00+01:00;167,14;167,14;167,14;167,14;0;0,00;0,00;0,00%
2022-12-16 00:00:00+01:00;167,14;167,14;167,14;167,14;0;0,00;0,00;0,00%
2022-12-19 00:00:00+01:00;167,14;167,14;167,14;167,14;0;0,00;0,00;0,00%
2022-12-20 00:00:00+01:00;167,14;167,14;167,14;167,14;0;0,00;0,00;0,00%
2022-12-21 00:00:00+01:00;167,14;167,14;167,14;167,14;0;0,00;0,00;0,00%
2022-12-22 00:00:00+01:00;167,14;167,14;167,14;167,14;0;0,00;0,00;0,00%
2022-12-23 00:00:00+01:00;167,14;167,14;167,14;167,14;0;0,00;0,00;0,00%
2022-12-27 00:00:00+01:00;167,14;167,14;167,14;167,14;0;0,00;0,00;0,00%
2022-12-28 00:00:00+01:00;167,14;167,14;167,14;167,14;0;0,00;0,00;0,00%
2022-12-29 00:00:00+01:00;167,14;167,14;167,14;167,14;0;0,00;0,00;0,00%
2022-12-30 00:00:00+01:00;167,14;167,14;167,14;167,14;0;0,00;0,00;0,00%
2023-01-02 00:00:00+01:00;167,14;167,14;167,14;167,14;0;0,00;0,00;0,00%
2023-01-03 00:00:00+01:00;167,14;167,14;167,14;167,14;0;0,00;0,00;0,00%
2023-01-04 00:00:00+01:00;167,14;167,14;167,14;167,14;0;0,00;0,00;0,00%
2023-01-05 00:00:00+01:00;167,14;167,14;167,14;167,14;0;0,00;0,00;0,00%
2023-01-06 00:00:00+01:00;167,14;167,14;167,14;167,14;0;0,00;0,00;0,00%
2023-01-09 00:00:00+01:00;167,14;167,14;167,14;167,14;0;0,00;0,00;0,00%
2023-01-10 00:00:00+01:00;167,14;167,14;167,14;167,14;0;0,00;0,00;0,00%
2023-01-11 00:00:00+01:00;167,14;167,14;167,14;167,14;0;0,00;0,00;0,00%
2023-01-12 00:00:00+01:00;167,14;167,14;167,14;167,14;0;0,00;0,00;0,00%
2023-01-13 00:00:00+01:00;167,14;167,14;167,14;167,14;0;0,00;0,00;0,00%
2023-01-16 00:00:00+01:00;167,14;167,14;167,14;167,14;0;0,00;0,00;0,00%
2023-01-17 00:00:00+01:00;167,14;167,14;167,14;167,14;0;0,00;0,00;0,00%
2023-01-18 00:00:00+01:00;167,14;167,14;167,14;167,14;0;0,00;0,00;0,00%
2023-01-19 00:00:00+01:00;167,14;167,14;167,14;167,14;0;0,00;0,00;0,00%
2023-01-20 00:00:00+01:00;167,14;167,14;167,14;167,14;0;0,00;0,00;0,00%
2023-01-23 00:00:00+01:00;167,14;167,14;167,14;167,14;0;0,00;0,00;0,00%
2023-01-24 00:00:00+01:00;167,14;167,14;167,14;167,14;0;0,00;0,00;0,00%
2023-01-25 00:00:00+01:00;167,14;167,14;167,14;167,14;0;0,00;0,00;0,00%
2023-01-26 00:00:00+01:00;167,14;167,14;167,14;167,14;0;0,00;0,00;0,00%
2023-01-27 00:00:00+01:00;167,14;167,14;167,14;167,14;0;0,00;0,00;0,00%
2023-01-30 00:00:00+01:00;167,14;167,14;167,14;167,14;0;0,00;0,00;0,00%
2023-01-31 00:00:00+01:00;167,14;167,14;167,14;167,14;0;0,00;0,00;0,00%
2023-02-01 00:00:00+01:00;167,14;167,14;167,14;167,14;0;0,00;0,00;0,00%
2023-02-02 00:00:00+01:00;167,14;167,14;167,14;167,14;0;0,00;0,00;0,00%
2023-02-03 00:00:00+01:00;167,14;167,14;167,14;167,14;0;0,00;0,00;0,00%
2023-02-06 00:00:00+01:00;167,14;167,14;167,14;167,14;0;0,00;0,00;0,00%
2023-02-07 00:00:00+01:00;167,14;167,14;167,14;167,14;0;0,00;0,00;0,00%
2023-02-08 00:00:00+01:00;167,14;167,14;167,14;167,14;0;0,00;0,00;0,00%
2023-02-09 00:00:00+01:00;167,14;167,14;167,14;167,14;0;0,00;0,00;0,00%
2023-02-10 00:00:00+01:00;167,14;167,14;167,14;167,14;0;0,00;0,00;0,00%
2023-02-13 00:00:00+01:00;167,14;167,14;167,14;167,14;0;0,00;0,00;0,00%
2023-02-14 00:00:00+01:00;167,14;167,14;167,14;167,14;0;0,00;0,00;0,00%
2023-02-15 00:00:00+01:00;167,14;167,14;167,14;167,14;0;0,00;0,00;0,00%
2023-02-16 00:00:00+01:00;167,14;167,14;167,14;167,14;0;0,00;0,00;0,00%
2023-02-17 00:00:00+01:00;167,14;167,14;167,14;167,14;0;0,00;0,00;0,00%
2023-02-20 00:00:00+01:00;167,14;167,14;167,14;167,14;0;0,00;0,00;0,00%
2023-02-21 00:00:00+01:00;167,14;167,14;167,14;167,14;0;0,00;0,00;0,00%
2023-02-22 00:00:00+01:00;167,14;167,14;167,14;167,14;0;0,00;0,00;0,00%
2023-02-23 00:00:00+01:00;167,14;167,14;167,14;167,14;0;0,00;0,00;0,00%
2023-02-24 00:00:00+01:00;167,14;167,14;167,14;167,14;0;0,00;0,00;0,00%
2023-02-27 00:00:00+01:00;167,14;167,14;167,14;167,14;0;0,00;0,00;0,00%
2023-02-28 00:00:00+01:00;167,14;167,14;167,14;167,14;0;0,00;0,00;0,00%
2023-03-01 00:00:00+01:00;167,14;167,14;167,14;167,14;0;0,00;0,00;0,00%
2023-03-02 00:00:00+01:00;167,14;167,14;167,14;167,14;0;0,00;0,00;0,00%
2023-03-03 00:00:00+01:00;167,14;167,14;167,14;167,14;0;0,00;0,00;0,00%
2023-03-06 00:00:00+01:00;167,14;167,14;167,14;167,14;0;0,00;0,00;0,00%
2023-03-07 00:00:00+01:00;167,14;167,14;167,14;167,14;0;0,00;0,00;0,00%
2023-03-08 00:00:00+01:00;167,14;167,14;167,14;167,14;0;0,00;0,00;0,00%
2023-03-09 00:00:00+01:00;167,14;167,14;167,14;167,14;0;0,00;0,00;0,00%
2023-03-10 00:00:00+01:00;167,14;167,14;167,14;167,14;0;0,00;0,00;0,00%
2023-03-13 00:00:00+01:00;167,14;167,14;167,14;167,14;0;0,00;0,00;0,00%
2023-03-14 00:00:00+01:00;167,14;167,14;167,14;167,14;0;0,00;0,00;0,00%
2023-03-15 00:00:00+01:00;167,14;167,14;167,14;167,14;0;0,00;0,00;0,00%
2023-03-16 00:00:00+01:00;167,14;167,14;167,14;167,14;0;0,00;0,00;0,00%
2023-03-17 00:00:00+01:00;167,14;167,14;167,14;167,14;0;0,00;0,00;0,00%
2023-03-20 00:00:00+01:00;167,14;167,14;167,14;167,14;0;0,00;0,00;0,00%
2023-03-21 00:00:00+01:00;167,14;167,14;167,14;167,14;0;0,00;0,00;0,00%
2023-03-22 00:00:00+01:00;167,14;167,14;167,14;167,14;0;0,00;0,00;0,00%
2023-03-23 00:00:00+01:00;167,14;167,14;167,14;167,14;0;0,00;0,00;0,00%
2023-03-24 00:00:00+01:00;167,14;167,14;167,14;167,14;0;0,00;0,00;0,00%
2023-03-27 00:00:00+02:00;167,14;167,14;167,14;167,14;0;0,00;0,00;0,00%
2023-03-28 00:00:00+02:00;167,14;167,14;167,14;167,14;0;0,00;0,00;0,00%
2023-03-29 00:00:00+02:00;167,14;167,14;167,14;167,14;0;0,00;0,00;0,00%
2023-03-30 00:00:00+02:00;167,14;167,14;167,14;167,14;0;0,00;0,00;0,00%
2023-03-31 00:00:00+02:00;167,14;167,14;167,14;167,14;0;0,00;0,00;0,00%
2023-04-03 00:00:00+02:00;167,14;167,14;167,14;167,14;0;0,00;0,00;0,00%
2023-04-04 00:00:00+02:00;167,14;167,14;167,14;167,14;0;0,00;0,00;0,00%
2023-04-05 00:00:00+02:00;167,14;167,14;167,14;167,14;0;0,00;0,00;0,00%
2023-04-06 00:00:00+02:00;167,14;167,14;167,14;167,14;0;0,00;0,00;0,00%
2023-04-11 00:00:00+02:00;167,14;167,14;167,14;167,14;0;0,00;0,00;0,00%
2023-04-12 00:00:00+02:00;167,14;167,14;167,14;167,14;0;0,00;0,00;0,00%
2023-04-13 00:00:00+02:00;167,14;167,14;167,14;167,14;0;0,00;0,00;0,00%
2023-04-14 00:00:00+02:00;167,14;167,14;167,14;167,14;0;0,00;0,00;0,00%
2023-04-17 00:00:00+02:00;167,14;167,14;167,14;167,14;0;0,00;0,00;0,00%
2023-04-18 00:00:00+02:00;167,14;167,14;167,14;167,14;0;0,00;0,00;0,00%
2023-04-19 00:00:00+02:00;167,14;167,14;167,14;167,14;0;0,00;0,00;0,00%
2023-04-20 00:00:00+02:00;167,14;167,14;167,14;167,14;0;0,00;0,00;0,00%
2023-04-21 00:00:00+02:00;167,14;167,14;167,14;167,14;0;0,00;0,00;0,00%
2023-04-24 00:00:00+02:00;167,14;167,14;167,14;167,14;0;0,00;0,00;0,00%
2023-04-25 00:00:00+02:00;167,14;167,14;167,14;167,14;0;0,00;0,00;0,00%
2023-04-26 00:00:00+02:00;167,14;167,14;167,14;167,14;0;0,00;0,00;0,00%
2023-04-27 00:00:00+02:00;167,14;167,14;167,14;167,14;0;0,00;0,00;0,00%
2023-04-28 00:00:00+02:00;167,14;167,14;167,14;167,14;0;0,00;0,00;0,00%
2023-05-02 00:00:00+02:00;167,14;167,14;167,14;167,14;0;0,00;0,00;0,00%
2023-05-03 00:00:00+02:00;167,14;167,14;167,14;167,14;0;0,00;0,00;0,00%
2023-05-04 00:00:00+02:00;167,14;167,14;167,14;167,14;0;0,00;0,00;0,00%
2023-05-05 00:00:00+02:00;167,14;167,14;167,14;167,14;0;0,00;0,00;0,00%
2023-05-08 00:00:00+02:00;167,14;167,14;167,14;167,14;0;0,00;0,00;0,00%
2023-05-09 00:00:00+02:00;167,14;167,14;167,14;167,14;0;0,00;0,00;0,00%
2023-05-10 00:00:00+02:00;167,14;167,14;167,14;167,14;0;0,00;0,00;0,00%
2023-05-11 00:00:00+02:00;167,14;167,14;167,14;167,14;0;0,00;0,00;0,00%
2023-05-12 00:00:00+02:00;167,14;167,14;167,14;167,14;0;0,00;0,00;0,00%
2023-05-15 00:00:00+02:00;167,14;167,14;167,14;167,14;0;0,00;0,00;0,00%
2023-05-16 00:00:00+02:00;167,14;167,14;167,14;167,14;0;0,00;0,00;0,00%
2023-05-17 00:00:00+02:00;167,14;167,14;167,14;167,14;0;0,00;0,00;0,00%
2023-05-18 00:00:00+02:00;167,14;167,14;167,14;167,14;0;0,00;0,00;0,00%
2023-05-19 00:00:00+02:00;167,14;167,14;167,14;167,14;0;0,00;0,00;0,00%
2023-05-22 00:00:00+02:00;167,14;167,14;167,14;167,14;0;0,00;0,00;0,00%
2023-05-23 00:00:00+02:00;167,14;167,14;167,14;167,14;0;0,00;0,00;0,00%
2023-05-24 00:00:00+02:00;167,14;167,14;167,14;167,14;0;0,00;0,00;0,00%
2023-05-25 00:00:00+02:00;167,14;167,14;167,14;167,14;0;0,00;0,00;0,00%
2023-05-26 00:00:00+02:00;167,14;167,14;167,14;167,14;0;0,00;0,00;0,00%
2023-05-29 00:00:00+02:00;167,14;167,14;167,14;167,14;0;0,00;0,00;0,00%
2023-05-30 00:00:00+02:00;167,14;167,14;167,14;167,14;0;0,00;0,00;0,00%
2023-05-31 00:00:00+02:00;167,14;167,14;167,14;167,14;0;0,00;0,00;0,00%
2023-06-01 00:00:00+02:00;167,14;167,14;167,14;167,14;0;0,00;0,00;0,00%
2023-06-02 00:00:00+02:00;167,14;167,14;167,14;167,14;0;0,00;0,00;0,00%
2023-06-05 00:00:00+02:00;167,14;167,14;167,14;167,14;0;0,00;0,00;0,00%
2023-06-06 00:00:00+02:00;167,14;167,14;167,14;167,14;0;0,00;0,00;0,00%
2023-06-07 00:00:00+02:00;167,14;167,14;167,14;167,14;0;0,00;0,00;0,00%
2023-06-08 00:00:00+02:00;167,14;167,14;167,14;167,14;0;0,00;0,00;0,00%
2023-06-09 00:00:00+02:00;167,14;167,14;167,14;167,14;0;0,00;0,00;0,00%
2023-06-12 00:00:00+02:00;167,14;167,14;167,14;167,14;0;0,00;0,00;0,00%
2023-06-13 00:00:00+02:00;167,14;167,14;167,14;167,14;0;0,00;0,00;0,00%
2023-06-14 00:00:00+02:00;167,14;167,14;167,14;167,14;0;0,00;0,00;0,00%
2023-06-15 00:00:00+02:00;167,14;167,14;167,14;167,14;0;0,00;0,00;0,00%
2023-06-16 00:00:00+02:00;167,14;167,14;167,14;167,14;0;0,00;0,00;0,00%
2023-06-19 00:00:00+02:00;167,14;167,14;167,14;167,14;0;0,00;0,00;0,00%
2023-06-20 00:00:00+02:00;167,14;167,14;167,14;167,14;0;0,00;0,00;0,00%
2023-06-21 00:00:00+02:00;167,14;167,14;167,14;167,14;0;0,00;0,00;0,00%
2023-06-22 00:00:00+02:00;167,14;167,14;167,14;167,14;0;0,00;0,00;0,00%
2023-06-23 00:00:00+02:00;167,14;167,14;167,14;167,14;0;0,00;0,00;0,00%
2023-06-26 00:00:00+02:00;167,14;167,14;167,14;167,14;0;0,00;0,00;0,00%
2023-06-27 00:00:00+02:00;167,14;167,14;167,14;167,14;0;0,00;0,00;0,00%
2023-06-28 00:00:00+02:00;167,14;167,14;167,14;167,14;0;0,00;0,00;0,00%
2023-06-29 00:00:00+02:00;167,14;167,14;167,14;167,14;0;0,00;0,00;0,00%
2023-06-30 00:00:00+02:00;167,14;167,14;167,14;167,14;0;0,00;0,00;0,00%
2023-07-03 00:00:00+02:00;167,14;167,14;167,14;167,14;0;0,00;0,00;0,00%
2023-07-04 00:00:00+02:00;167,14;167,14;167,14;167,14;0;0,00;0,00;0,00%
2023-07-05 00:00:00+02:00;167,14;167,14;167,14;167,14;0;0,00;0,00;0,00%
2023-07-06 00:00:00+02:00;167,14;167,14;167,14;167,14;0;0,00;0,00;0,00%
2023-07-07 00:00:00+02:00;167,14;167,14;167,14;167,14;0;0,00;0,00;0,00%
2023-07-10 00:00:00+02:00;167,14;167,14;167,14;167,14;0;0,00;0,00;0,00%
2023-07-11 00:00:00+02:00;167,14;167,14;167,14;167,14;0;0,00;0,00;0,00%
2023-07-12 00:00:00+02:00;167,14;167,14;167,14;167,14;0;0,00;0,00;0,00%
2023-07-13 00:00:00+02:00;167,14;167,14;167,14;167,14;0;0,00;0,00;0,00%
2023-07-14 00:00:00+02:00;167,14;167,14;167,14;167,14;0;0,00;0,00;0,00%
2023-07-17 00:00:00+02:00;167,14;167,14;167,14;167,14;0;0,00;0,00;0,00%
2023-07-18 00:00:00+02:00;167,14;167,14;167,14;167,14;0;0,00;0,00;0,00%
2023-07-19 00:00:00+02:00;167,14;167,14;167,14;167,14;0;0,00;0,00;0,00%
2023-07-20 00:00:00+02:00;167,14;167,14;167,14;167,14;0;0,00;0,00;0,00%
2023-07-21 00:00:00+02:00;167,14;167,14;167,14;167,14;0;0,00;0,00;0,00%
2023-07-24 00:00:00+02:00;167,14;167,14;167,14;167,14;0;0,00;0,00;0,00%
2023-07-25 00:00:00+02:00;167,14;167,14;167,14;167,14;0;0,00;0,00;0,00%
2023-07-26 00:00:00+02:00;167,14;167,14;167,14;167,14;0;0,00;0,00;0,00%
2023-07-27 00:00:00+02:00;167,14;167,14;167,14;167,14;0;0,00;0,00;0,00%
2023-07-28 00:00:00+02:00;167,14;167,14;167,14;167,14;0;0,00;0,00;0,00%
2023-07-31 00:00:00+02:00;167,14;167,14;167,14;167,14;0;0,00;0,00;0,00%
2023-08-01 00:00:00+02:00;167,14;167,14;167,14;167,14;0;0,00;0,00;0,00%
2023-08-02 00:00:00+02:00;167,14;167,14;167,14;167,14;0;0,00;0,00;0,00%
2023-08-03 00:00:00+02:00;167,14;167,14;167,14;167,14;0;0,00;0,00;0,00%
2023-08-04 00:00:00+02:00;167,14;167,14;167,14;167,14;0;0,00;0,00;0,00%
2023-08-07 00:00:00+02:00;167,14;167,14;167,14;167,14;0;0,00;0,00;0,00%
2023-08-08 00:00:00+02:00;167,14;167,14;167,14;167,14;0;0,00;0,00;0,00%
2023-08-09 00:00:00+02:00;167,14;167,14;167,14;167,14;0;0,00;0,00;0,00%
2023-08-10 00:00:00+02:00;167,14;167,14;167,14;167,14;0;0,00;0,00;0,00%
2023-08-11 00:00:00+02:00;167,14;167,14;167,14;167,14;0;0,00;0,00;0,00%
2023-08-14 00:00:00+02:00;167,14;167,14;167,14;167,14;0;0,00;0,00;0,00%
2023-08-15 00:00:00+02:00;167,14;167,14;167,14;167,14;0;0,00;0,00;0,00%
2023-08-16 00:00:00+02:00;167,14;167,14;167,14;167,14;0;0,00;0,00;0,00%
2023-08-17 00:00:00+02:00;167,14;167,14;167,14;167,14;0;0,00;0,00;0,00%
2023-08-18 00:00:00+02:00;167,14;167,14;167,14;167,14;0;0,00;0,00;0,00%
2023-08-21 00:00:00+02:00;167,14;167,14;167,14;167,14;0;0,00;0,00;0,00%
2023-08-22 00:00:00+02:00;167,14;167,14;167,14;167,14;0;0,00;0,00;0,00%
2023-08-23 00:00:00+02:00;167,14;167,14;167,14;167,14;0;0,00;0,00;0,00%
2023-08-24 00:00:00+02:00;167,14;167,14;167,14;167,14;0;0,00;0,00;0,00%
2023-08-25 00:00:00+02:00;167,14;167,14;167,14;167,14;0;0,00;0,00;0,00%
2023-08-28 00:00:00+02:00;167,14;167,14;167,14;167,14;0;0,00;0,00;0,00%
2023-08-29 00:00:00+02:00;167,14;167,14;167,14;167,14;0;0,00;0,00;0,00%
2023-08-30 00:00:00+02:00;167,14;167,14;167,14;167,14;0;0,00;0,00;0,00%
2023-08-31 00:00:00+02:00;167,14;167,14;167,14;167,14;0;0,00;0,00;0,00%
2023-09-01 00:00:00+02:00;167,14;167,14;167,14;167,14;0;0,00;0,00;0,00%
2023-09-04 00:00:00+02:00;167,14;167,14;167,14;167,14;0;0,00;0,00;0,00%
2023-09-05 00:00:00+02:00;167,14;167,14;167,14;167,14;0;0,00;0,00;0,00%
2023-09-06 00:00:00+02:00;167,14;167,14;167,14;167,14;0;0,00;0,00;0,00%
2023-09-07 00:00:00+02:00;167,14;167,14;167,14;167,14;0;0,00;0,00;0,00%
2023-09-08 00:00:00+02:00;167,14;167,14;167,14;167,14;0;0,00;0,00;0,00%
2023-09-11 00:00:00+02:00;167,14;167,14;167,14;167,14;0;0,00;0,00;0,00%
2023-09-12 00:00:00+02:00;167,14;167,14;167,14;167,14;0;0,00;0,00;0,00%
2023-09-13 00:00:00+02:00;167,14;167,14;167,14;167,14;0;0,00;0,00;0,00%
2023-09-14 00:00:00+02:00;167,14;167,14;167,14;167,14;0;0,00;0,00;0,00%
2023-09-15 00:00:00+02:00;167,14;167,14;167,14;167,14;0;0,00;0,00;0,00%
2023-09-18 00:00:00+02:00;167,14;167,14;167,14;167,14;0;0,00;0,00;0,00%
2023-09-19 00:00:00+02:00;167,14;167,14;167,14;167,14;0;0,00;0,00;0,00%
2023-09-20 00:00:00+02:00;167,14;167,14;167,14;167,14;0;0,00;0,00;0,00%
2023-09-21 00:00:00+02:00;167,14;167,14;167,14;167,14;0;0,00;0,00;0,00%
2023-09-22 00:00:00+02:00;167,14;167,14;167,14;167,14;0;0,00;0,00;0,00%
2023-09-25 00:00:00+02:00;167,14;167,14;167,14;167,14;0;0,00;0,00;0,00%
2023-09-26 00:00:00+02:00;167,14;167,14;167,14;167,14;0;0,00;0,00;0,00%
2023-09-27 00:00:00+02:00;167,14;167,14;167,14;167,14;0;0,00;0,00;0,00%
2023-09-28 00:00:00+02:00;167,14;167,14;167,14;167,14;0;0,00;0,00;0,00%
2023-09-29 00:00:00+02:00;167,14;167,14;167,14;167,14;0;0,00;0,00;0,00%
2023-10-02 00:00:00+02:00;167,14;167,14;167,14;167,14;0;0,00;0,00;0,00%
2023-10-03 00:00:00+02:00;167,14;167,14;167,14;167,14;0;0,00;0,00;0,00%
2023-10-04 00:00:00+02:00;167,14;167,14;167,14;167,14;0;0,00;0,00;0,00%
2023-10-05 00:00:00+02:00;167,14;167,14;167,14;167,14;0;0,00;0,00;0,00%
2023-10-06 00:00:00+02:00;167,14;167,14;167,14;167,14;0;0,00;0,00;0,00%
2023-10-09 00:00:00+02:00;167,14;167,14;167,14;167,14;0;0,00;0,00;0,00%
2023-10-10 00:00:00+02:00;167,14;167,14;167,14;167,14;0;0,00;0,00;0,00%
2023-10-11 00:00:00+02:00;167,14;167,14;167,14;167,14;0;0,00;0,00;0,00%
2023-10-12 00:00:00+02:00;167,14;167,14;167,14;167,14;0;0,00;0,00;0,00%
2023-10-13 00:00:00+02:00;167,14;167,14;167,14;167,14;0;0,00;0,00;0,00%
2023-10-16 00:00:00+02:00;167,14;167,14;167,14;167,14;0;0,00;0,00;0,00%
2023-10-17 00:00:00+02:00;167,14;167,14;167,14;167,14;0;0,00;0,00;0,00%
2023-10-18 00:00:00+02:00;167,14;167,14;167,14;167,14;0;0,00;0,00;0,00%
2023-10-19 00:00:00+02:00;167,14;167,14;167,14;167,14;0;0,00;0,00;0,00%
2023-10-20 00:00:00+02:00;167,14;167,14;167,14;167,14;0;0,00;0,00;0,00%
2023-10-23 00:00:00+02:00;167,14;167,14;167,14;167,14;0;0,00;0,00;0,00%
2023-10-24 00:00:00+02:00;167,14;167,14;167,14;167,14;0;0,00;0,00;0,00%
2023-10-25 00:00:00+02:00;167,14;167,14;167,14;167,14;0;0,00;0,00;0,00%
2023-10-26 00:00:00+02:00;167,14;167,14;167,14;167,14;0;0,00;0,00;0,00%
2023-10-27 00:00:00+02:00;167,14;167,14;167,14;167,14;0;0,00;0,00;0,00%
2023-10-30 00:00:00+01:00;167,14;167,14;167,14;167,14;0;0,00;0,00;0,00%
2023-10-31 00:00:00+01:00;167,14;167,14;167,14;167,14;0;0,00;0,00;0,00%
2023-11-01 00:00:00+01:00;167,14;167,14;167,14;167,14;0;0,00;0,00;0,00%
2023-11-02 00:00:00+01:00;167,14;167,14;167,14;167,14;0;0,00;0,00;0,00%
2023-11-03 00:00:00+01:00;167,14;167,14;167,14;167,14;0;0,00;0,00;0,00%
2023-11-06 00:00:00+01:00;167,14;167,14;167,14;167,14;0;0,00;0,00;0,00%
2023-11-07 00:00:00+01:00;167,14;167,14;167,14;167,14;0;0,00;0,00;0,00%
2023-11-08 00:00:00+01:00;167,14;167,14;167,14;167,14;0;0,00;0,00;0,00%
2023-11-09 00:00:00+01:00;167,14;167,14;167,14;167,14;0;0,00;0,00;0,00%
2023-11-10 00:00:00+01:00;167,14;167,14;167,14;167,14;0;0,00;0,00;0,00%
2023-11-13 00:00:00+01:00;167,14;167,14;167,14;167,14;0;0,00;0,00;0,00%
2023-11-14 00:00:00+01:00;167,14;167,14;167,14;167,14;0;0,00;0,00;0,00%
2023-11-15 00:00:00+01:00;167,14;167,14;167,14;167,14;0;0,00;0,00;0,00%
2023-11-16 00:00:00+01:00;167,14;167,14;167,14;167,14;0;0,00;0,00;0,00%
2023-11-17 00:00:00+01:00;167,14;167,14;167,14;167,14;0;0,00;0,00;0,00%
2023-11-20 00:00:00+01:00;167,14;167,14;167,14;167,14;0;0,00;0,00;0,00%
2023-11-21 00:00:00+01:00;167,14;167,14;167,14;167,14;0;0,00;0,00;0,00%
2023-11-22 00:00:00+01:00;167,14;167,14;167,14;167,14;0;0,00;0,00;0,00%
2023-11-23 00:00:00+01:00;167,14;167,14;167,14;167,14;0;0,00;0,00;0,00%
2023-11-24 00:00:00+01:00;167,14;167,14;167,14;167,14;0;0,00;0,00;0,00%
2023-11-27 00:00:00+01:00;167,14;167,14;167,14;167,14;0;0,00;0,00;0,00%
2023-11-28 00:00:00+01:00;167,14;167,14;167,14;167,14;0;0,00;0,00;0,00%
2023-11-29 00:00:00+01:00;167,14;167,14;167,14;167,14;0;0,00;0,00;0,00%
2023-11-30 00:00:00+01:00;167,14;167,14;167,14;167,14;0;0,00;0,00;0,00%
2023-12-01 00:00:00+01:00;167,14;167,14;167,14;167,14;0;0,00;0,00;0,00%
2023-12-04 00:00:00+01:00;167,14;167,14;167,14;167,14;0;0,00;0,00;0,00%
2023-12-05 00:00:00+01:00;167,14;167,14;167,14;167,14;0;0,00;0,00;0,00%
2023-12-06 00:00:00+01:00;167,14;167,14;167,14;167,14;0;0,00;0,00;0,00%
2023-12-07 00:00:00+01:00;167,14;167,14;167,14;167,14;0;0,00;0,00;0,00%
2023-12-08 00:00:00+01:00;167,14;167,14;167,14;167,14;0;0,00;0,00;0,00%
2023-12-11 00:00:00+01:00;167,14;167,14;167,14;167,14;0;0,00;0,00;0,00%
2023-12-12 00:00:00+01:00;167,14;167,14;167,14;167,14;0;0,00;0,00;0,00%
2023-12-13 00:00:00+01:00;167,14;167,14;167,14;167,14;0;0,00;0,00;0,00%
2023-12-14 00:00:00+01:00;167,14;167,14;167,14;167,14;0;0,00;0,00;0,00%
2023-12-15 00:00:00+01:00;167,14;167,14;167,14;167,14;0;0,00;0,00;0,00%
2023-12-18 00:00:00+01:00;167,14;167,14;167,14;167,14;0;0,00;0,00;0,00%
2023-12-19 00:00:00+01:00;167,14;167,14;167,14;167,14;0;0,00;0,00;0,00%
2023-12-20 00:00:00+01:00;167,14;167,14;167,14;167,14;0;0,00;0,00;0,00%
2023-12-21 00:00:00+01:00;167,14;167,14;167,14;167,14;0;0,00;0,00;0,00%
2023-12-22 00:00:00+01:00;167,14;167,14;167,14;167,14;0;0,00;0,00;0,00%
2023-12-27 00:00:00+01:00;167,14;167,14;167,14;167,14;0;0,00;0,00;0,00%
2023-12-28 00:00:00+01:00;167,14;167,14;167,14;167,14;0;0,00;0,00;0,00%
2023-12-29 00:00:00+01:00;167,14;167,14;167,14;167,14;0;0,00;0,00;0,00%
2024-01-02 00:00:00+01:00;167,14;167,14;167,14;167,14;0;0,00;0,00;0,00%
2024-01-03 00:00:00+01:00;167,14;167,14;167,14;167,14;0;0,00;0,00;0,00%
2024-01-04 00:00:00+01:00;167,14;167,14;167,14;167,14;0;0,00;0,00;0,00%
2024-01-05 00:00:00+01:00;167,14;167,14;167,14;167,14;0;0,00;0,00;0,00%
2024-01-08 00:00:00+01:00;167,14;167,14;167,14;167,14;0;0,00;0,00;0,00%
2024-01-09 00:00:00+01:00;167,14;167,14;167,14;167,14;0;0,00;0,00;0,00%
2024-01-10 00:00:00+01:00;167,14;167,14;167,14;167,14;0;0,00;0,00;0,00%
2024-01-11 00:00:00+01:00;167,14;167,14;167,14;167,14;0;0,00;0,00;0,00%
2024-01-12 00:00:00+01:00;167,14;167,14;167,14;167,14;0;0,00;0,00;0,00%
2024-01-15 00:00:00+01:00;167,14;167,14;167,14;167,14;0;0,00;0,00;0,00%
2024-01-16 00:00:00+01:00;167,14;167,14;167,14;167,14;0;0,00;0,00;0,00%
2024-01-17 00:00:00+01:00;167,14;167,14;167,14;167,14;0;0,00;0,00;0,00%
2024-01-18 00:00:00+01:00;167,14;167,14;167,14;167,14;0;0,00;0,00;0,00%
2024-01-19 00:00:00+01:00;167,14;167,14;167,14;167,14;0;0,00;0,00;0,00%
2024-01-22 00:00:00+01:00;167,14;167,14;167,14;167,14;0;0,00;0,00;0,00%
2024-01-23 00:00:00+01:00;167,14;167,14;167,14;167,14;0;0,00;0,00;0,00%
2024-01-24 00:00:00+01:00;167,14;167,14;167,14;167,14;0;0,00;0,00;0,00%
2024-01-25 00:00:00+01:00;167,14;167,14;167,14;167,14;0;0,00;0,00;0,00%
2024-01-26 00:00:00+01:00;167,14;167,14;167,14;167,14;0;0,00;0,00;0,00%
2024-01-29 00:00:00+01:00;167,14;167,14;167,14;167,14;0;0,00;0,00;0,00%
2024-01-30 00:00:00+01:00;167,14;167,14;167,14;167,14;0;0,00;0,00;0,00%
2024-01-31 00:00:00+01:00;167,14;167,14;167,14;167,14;0;0,00;0,00;0,00%
2024-02-01 00:00:00+01:00;167,14;167,14;167,14;167,14;0;0,00;0,00;0,00%
2024-02-02 00:00:00+01:00;167,14;167,14;167,14;167,14;0;0,00;0,00;0,00%
2024-02-05 00:00:00+01:00;167,14;167,14;167,14;167,14;0;0,00;0,00;0,00%
2024-02-06 00:00:00+01:00;167,14;167,14;167,14;167,14;0;0,00;0,00;0,00%
2024-02-07 00:00:00+01:00;182,23;183,14;182,00;182,77;2607;0,00;0,00;9,35%
2024-02-08 00:00:00+01:00;181,96;182,47;181,42;181,81;2769;0,00;0,00;-0,53%
2024-02-09 00:00:00+01:00;182,01;183,21;180,85;180,87;3119;0,00;0,00;-0,52%
2024-02-12 00:00:00+01:00;180,95;181,44;180,38;180,48;4451;0,00;0,00;-0,22%
2024-02-13 00:00:00+01:00;181,53;181,66;179,15;179,67;6093;0,00;0,00;-0,45%
2024-02-14 00:00:00+01:00;179,40;179,72;178,90;179,11;5729;0,00;0,00;-0,31%
2024-02-15 00:00:00+01:00;179,28;179,72;179,28;179,42;7292;0,00;0,00;0,17%
2024-02-16 00:00:00+01:00;179,70;180,13;179,13;179,95;2595;0,00;0,00;0,30%
2024-02-19 00:00:00+01:00;180,73;180,96;180,45;180,66;2473;0,00;0,00;0,39%
2024-02-20 00:00:00+01:00;180,99;181,18;180,57;180,91;6994;0,00;0,00;0,14%
2024-02-21 00:00:00+01:00;181,02;181,34;180,59;180,59;3615;0,00;0,00;-0,18%
2024-02-22 00:00:00+01:00;180,59;180,59;180,31;180,36;10328;0,00;0,00;-0,13%
2024-02-23 00:00:00+01:00;180,11;181,57;179,84;181,57;3407;0,00;0,00;0,67%
2024-02-26 00:00:00+01:00;181,25;181,38;180,14;180,33;6918;0,00;0,00;-0,68%
2024-02-27 00:00:00+01:00;180,95;181,19;180,65;180,80;5938;0,00;0,00;0,26%
2024-02-28 00:00:00+01:00;180,82;181,50;180,70;180,99;3499;0,00;0,00;0,11%
2024-02-29 00:00:00+01:00;181,32;182,60;180,70;182,46;1787;0,00;0,00;0,81%
2024-03-01 00:00:00+01:00;182,38;184,85;181,98;184,74;9315;0,00;0,00;1,25%
2024-03-04 00:00:00+01:00;185,45;188,10;185,11;188,10;6279;0,00;0,00;1,82%
2024-03-05 00:00:00+01:00;188,21;189,97;188,21;188,94;12374;0,00;0,00;0,45%
2024-03-06 00:00:00+01:00;188,98;190,24;188,50;189,78;5219;0,00;0,00;0,44%
2024-03-07 00:00:00+01:00;190,94;191,70;189,87;190,22;12473;0,00;0,00;0,23%
2024-03-08 00:00:00+01:00;190,78;191,88;190,77;191,88;5808;0,00;0,00;0,87%
2024-03-11 00:00:00+01:00;192,43;193,22;191,95;192,60;4807;0,00;0,00;0,38%
2024-03-12 00:00:00+01:00;192,18;192,39;190,63;191,07;6531;0,00;0,00;-0,79%
2024-03-13 00:00:00+01:00;190,71;191,61;190,51;191,51;4439;0,00;0,00;0,23%
2024-03-14 00:00:00+01:00;191,32;191,46;190,74;191,29;4391;0,00;0,00;-0,11%
2024-03-15 00:00:00+01:00;192,09;193,20;191,18;191,69;4306;0,00;0,00;0,21%
2024-03-18 00:00:00+01:00;190,49;191,50;190,49;191,50;2235;0,00;0,00;-0,10%
2024-03-19 00:00:00+01:00;191,64;191,81;191,00;191,39;1964;0,00;0,00;-0,06%
2024-03-20 00:00:00+01:00;191,63;191,96;191,40;191,69;3721;0,00;0,00;0,16%
2024-03-21 00:00:00+01:00;194,72;195,33;192,67;193,36;17715;0,00;0,00;0,87%
2024-03-22 00:00:00+01:00;193,19;194,09;193,13;193,25;4415;0,00;0,00;-0,06%
2024-03-25 00:00:00+01:00;193,28;193,98;193,00;193,72;5883;0,00;0,00;0,24%
2024-03-26 00:00:00+01:00;193,27;195,23;192,80;193,96;6080;0,00;0,00;0,12%
2024-03-27 00:00:00+01:00;194,40;195,69;193,98;195,47;2032;0,00;0,00;0,78%
2024-03-28 00:00:00+01:00;196,01;198,45;196,01;198,45;4521;0,00;0,00;1,52%
2024-04-02 00:00:00+02:00;202,84;203,70;201,78;201,78;8476;0,00;0,00;1,68%
2024-04-03 00:00:00+02:00;204,08;204,08;203,00;203,78;6362;0,00;0,00;0,99%
2024-04-04 00:00:00+02:00;204,34;204,34;202,70;203,44;3062;0,00;0,00;-0,17%
2024-04-05 00:00:00+02:00;203,14;207,10;203,14;206,98;58309;0,00;0,00;1,74%
2024-04-08 00:00:00+02:00;207,84;208,64;206,24;207,04;15454;0,00;0,00;0,03%
2024-04-09 00:00:00+02:00;208,40;209,96;208,34;208,54;8892;0,00;0,00;0,72%
2024-04-10 00:00:00+02:00;209,44;210,76;208,00;210,18;7517;0,00;0,00;0,79%
2024-04-11 00:00:00+02:00;210,00;210,86;208,92;210,78;16318;0,00;0,00;0,29%
2024-04-12 00:00:00+02:00;216,60;220,28;216,12;217,50;9611;0,00;0,00;3,19%
2024-04-15 00:00:00+02:00;213,38;213,68;211,20;212,78;5931;0,00;0,00;-2,17%
2024-04-16 00:00:00+02:00;215,72;216,86;214,64;216,56;7259;0,00;0,00;1,78%
2024-04-17 00:00:00+02:00;216,04;217,18;215,78;216,22;7807;0,00;0,00;-0,16%
2024-04-18 00:00:00+02:00;214,94;216,16;214,62;215,68;4703;0,00;0,00;-0,25%
2024-04-19 00:00:00+02:00;216,48;216,68;215,00;216,34;6587;0,00;0,00;0,31%
2024-04-22 00:00:00+02:00;213,16;213,94;211,44;211,88;8452;0,00;0,00;-2,06%
2024-04-23 00:00:00+02:00;208,70;209,90;207,54;209,30;9255;0,00;0,00;-1,22%
2024-04-24 00:00:00+02:00;209,58;210,70;208,84;210,22;14021;0,00;0,00;0,44%
2024-04-25 00:00:00+02:00;208,98;210,78;208,84;209,86;2522;0,00;0,00;-0,17%
2024-04-26 00:00:00+02:00;210,20;211,32;210,20;210,64;5939;0,00;0,00;0,37%
2024-04-29 00:00:00+02:00;209,82;210,96;209,78;210,40;9536;0,00;0,00;-0,11%
2024-04-30 00:00:00+02:00;209,20;209,20;206,88;207,30;10391;0,00;0,00;-1,47%
2024-05-02 00:00:00+02:00;208,38;208,38;206,24;207,40;5000;0,00;0,00;0,05%
2024-05-03 00:00:00+02:00;206,62;206,80;204,00;205,40;8952;0,00;0,00;-0,96%
2024-05-06 00:00:00+02:00;207,28;208,68;207,24;207,94;10411;0,00;0,00;1,24%
2024-05-07 00:00:00+02:00;207,98;207,98;207,00;207,22;4742;0,00;0,00;-0,35%
2024-05-08 00:00:00+02:00;207,78;208,10;207,00;208,02;3959;0,00;0,00;0,39%
2024-05-09 00:00:00+02:00;208,00;209,06;207,32;208,78;6527;0,00;0,00;0,37%
2024-05-10 00:00:00+02:00;211,96;212,74;211,52;211,82;14395;0,00;0,00;1,46%
2024-05-13 00:00:00+02:00;210,32;210,34;208,50;208,50;6611;0,00;0,00;-1,57%
2024-05-14 00:00:00+02:00;209,02;209,94;209,02;209,88;2109;0,00;0,00;0,66%
2024-05-15 00:00:00+02:00;210,16;211,76;209,60;211,32;10192;0,00;0,00;0,69%
2024-05-16 00:00:00+02:00;211,68;212,08;210,74;211,30;7384;0,00;0,00;-0,01%
2024-05-17 00:00:00+02:00;211,86;214,18;211,82;213,70;7299;0,00;0,00;1,14%
2024-05-20 00:00:00+02:00;216,54;217,00;214,06;215,46;1670;0,00;0,00;0,82%
2024-05-21 00:00:00+02:00;214,02;216,10;214,02;215,76;4008;0,00;0,00;0,14%
2024-05-22 00:00:00+02:00;214,66;215,04;212,24;212,40;2706;0,00;0,00;-1,56%
2024-05-23 00:00:00+02:00;210,44;210,62;208,62;208,64;8173;0,00;0,00;-1,77%
2024-05-24 00:00:00+02:00;208,40;208,68;207,34;207,34;6856;0,00;0,00;-0,62%
2024-05-27 00:00:00+02:00;208,00;209,50;208,00;209,30;3918;0,00;0,00;0,95%
2024-05-28 00:00:00+02:00;207,98;209,40;207,60;209,18;4630;0,00;0,00;-0,06%
2024-05-29 00:00:00+02:00;209,30;209,30;208,00;208,58;2332;0,00;0,00;-0,29%
2024-05-30 00:00:00+02:00;208,70;209,84;208,08;208,50;2868;0,00;0,00;-0,04%
2024-05-31 00:00:00+02:00;208,88;209,18;207,08;207,08;3012;0,00;0,00;-0,68%
2024-06-03 00:00:00+02:00;206,52;207,88;206,42;207,52;2762;0,00;0,00;0,21%
2024-06-04 00:00:00+02:00;207,56;207,56;205,60;206,20;5389;0,00;0,00;-0,64%
2024-06-05 00:00:00+02:00;206,88;208,92;206,76;208,92;4694;0,00;0,00;1,32%
2024-06-06 00:00:00+02:00;209,74;210,48;208,92;210,48;4237;0,00;0,00;0,75%
2024-06-07 00:00:00+02:00;210,22;210,48;205,60;206,00;6631;0,00;0,00;-2,13%
2024-06-10 00:00:00+02:00;205,76;207,12;205,58;206,90;6588;0,00;0,00;0,44%
2024-06-11 00:00:00+02:00;206,26;208,36;206,24;207,82;2066;0,00;0,00;0,44%
2024-06-12 00:00:00+02:00;207,90;208,38;206,76;207,36;7644;0,00;0,00;-0,22%
2024-06-13 00:00:00+02:00;206,62;207,64;206,12;206,76;13151;0,00;0,00;-0,29%
2024-06-14 00:00:00+02:00;207,92;210,76;207,84;209,76;4313;0,00;0,00;1,45%
2024-06-17 00:00:00+02:00;209,04;209,36;208,04;208,04;6443;0,00;0,00;-0,82%
2024-06-18 00:00:00+02:00;208,32;208,90;207,60;208,90;2671;0,00;0,00;0,41%
2024-06-19 00:00:00+02:00;209,54;209,66;208,66;208,88;3037;0,00;0,00;-0,01%
2024-06-20 00:00:00+02:00;210,60;212,78;209,90;211,90;7855;0,00;0,00;1,45%
2024-06-21 00:00:00+02:00;212,46;213,72;209,80;210,08;3568;0,00;0,00;-0,86%
2024-06-24 00:00:00+02:00;209,22;210,00;208,74;209,42;2664;0,00;0,00;-0,31%
2024-06-25 00:00:00+02:00;209,20;210,06;208,84;208,84;3907;0,00;0,00;-0,28%
2024-06-26 00:00:00+02:00;208,90;209,20;207,30;207,70;4684;0,00;0,00;-0,55%
2024-06-27 00:00:00+02:00;207,42;209,82;207,38;209,56;2187;0,00;0,00;0,90%
2024-06-28 00:00:00+02:00;209,88;210,66;209,28;209,60;6639;0,00;0,00;0,02%
2024-07-01 00:00:00+02:00;208,34;209,82;208,10;209,34;2692;0,00;0,00;-0,12%
2024-07-02 00:00:00+02:00;209,44;209,70;208,24;209,08;4724;0,00;0,00;-0,12%
2024-07-03 00:00:00+02:00;210,00;211,94;209,92;210,92;5068;0,00;0,00;0,88%
2024-07-04 00:00:00+02:00;210,50;210,78;210,34;210,52;3599;0,00;0,00;-0,19%
2024-07-05 00:00:00+02:00;210,70;212,52;209,80;212,52;12906;0,00;0,00;0,95%
2024-07-08 00:00:00+02:00;211,92;212,00;210,70;210,70;2297;0,00;0,00;-0,86%
2024-07-09 00:00:00+02:00;210,56;210,82;209,94;209,94;6164;0,00;0,00;-0,36%
2024-07-10 00:00:00+02:00;211,48;212,50;211,38;212,00;10171;0,00;0,00;0,98%
2024-07-11 00:00:00+02:00;211,96;214,92;211,50;214,88;3317;0,00;0,00;1,36%
2024-07-12 00:00:00+02:00;213,40;213,48;211,98;213,28;8061;0,00;0,00;-0,74%
2024-07-15 00:00:00+02:00;212,80;215,36;212,76;215,20;9383;0,00;0,00;0,90%
2024-07-16 00:00:00+02:00;215,60;218,10;215,40;218,10;12635;0,00;0,00;1,35%
2024-07-17 00:00:00+02:00;218,24;219,06;217,24;217,46;3958;0,00;0,00;-0,29%
2024-07-18 00:00:00+02:00;218,14;218,20;217,22;217,96;14600;0,00;0,00;0,23%
2024-07-19 00:00:00+02:00;214,54;214,68;212,36;212,92;9471;0,00;0,00;-2,31%
2024-07-22 00:00:00+02:00;212,78;213,18;211,34;211,42;6325;0,00;0,00;-0,70%
2024-07-23 00:00:00+02:00;211,82;213,88;211,82;213,64;5599;0,00;0,00;1,05%
2024-07-24 00:00:00+02:00;214,98;216,00;214,54;215,68;6632;0,00;0,00;0,95%
2024-07-25 00:00:00+02:00;210,74;211,60;209,90;210,00;7923;0,00;0,00;-2,63%
2024-07-26 00:00:00+02:00;210,56;212,02;210,42;211,90;8187;0,00;0,00;0,90%
2024-07-29 00:00:00+02:00;212,34;213,68;211,58;211,58;3640;0,00;0,00;-0,15%
2024-07-30 00:00:00+02:00;212,86;213,70;212,60;213,00;2578;0,00;0,00;0,67%
2024-07-31 00:00:00+02:00;215,64;215,98;215,10;215,82;5009;0,00;0,00;1,32%
2024-08-01 00:00:00+02:00;217,80;219,28;217,56;218,86;6842;0,00;0,00;1,41%
2024-08-02 00:00:00+02:00;220,26;220,26;212,96;214,16;18469;0,00;0,00;-2,15%
2024-08-05 00:00:00+02:00;214,44;215,28;208,00;211,36;17031;0,00;0,00;-1,31%
2024-08-06 00:00:00+02:00;211,96;213,58;210,18;210,52;5685;0,00;0,00;-0,40%
2024-08-07 00:00:00+02:00;211,38;212,50;210,80;211,30;5703;0,00;0,00;0,37%
2024-08-08 00:00:00+02:00;211,48;214,56;211,00;213,70;3069;0,00;0,00;1,14%
2024-08-09 00:00:00+02:00;213,56;214,80;213,56;214,40;5246;0,00;0,00;0,33%
2024-08-12 00:00:00+02:00;215,20;216,88;215,12;216,76;8282;0,00;0,00;1,10%
2024-08-13 00:00:00+02:00;217,24;217,76;216,76;217,24;4448;0,00;0,00;0,22%
2024-08-14 00:00:00+02:00;216,34;216,82;213,76;214,02;7274;0,00;0,00;-1,48%
2024-08-15 00:00:00+02:00;214,86;215,98;214,36;215,52;4460;0,00;0,00;0,70%
2024-08-16 00:00:00+02:00;215,50;218,98;215,46;218,02;4031;0,00;0,00;1,16%
2024-08-19 00:00:00+02:00;218,68;218,76;217,36;218,00;3605;0,00;0,00;-0,01%
2024-08-20 00:00:00+02:00;217,84;219,96;217,68;218,20;1885;0,00;0,00;0,09%
2024-08-21 00:00:00+02:00;218,02;218,04;216,22;217,16;3243;0,00;0,00;-0,48%
2024-08-22 00:00:00+02:00;216,94;217,10;214,64;214,94;6201;0,00;0,00;-1,02%
2024-08-23 00:00:00+02:00;215,92;217,24;215,86;216,80;2733;0,00;0,00;0,87%
2024-08-26 00:00:00+02:00;216,94;218,34;216,90;217,06;2846;0,00;0,00;0,12%
2024-08-27 00:00:00+02:00;217,28;217,64;216,36;217,24;4905;0,00;0,00;0,08%
2024-08-28 00:00:00+02:00;216,96;217,50;216,54;217,32;20400;0,00;0,00;0,04%
2024-08-29 00:00:00+02:00;218,18;219,94;217,96;219,32;3571;0,00;0,00;0,92%
2024-08-30 00:00:00+02:00;219,28;219,70;218,34;218,40;2387;0,00;0,00;-0,42%
2024-09-02 00:00:00+02:00;217,70;218,40;217,58;217,92;5895;0,00;0,00;-0,22%
2024-09-03 00:00:00+02:00;217,84;218,74;215,98;216,92;6722;0,00;0,00;-0,46%
2024-09-04 00:00:00+02:00;216,92;217,34;215,50;217,06;3874;0,00;0,00;0,06%
2024-09-05 00:00:00+02:00;217,92;219,00;217,90;218,18;41987;0,00;0,00;0,52%
2024-09-06 00:00:00+02:00;218,48;218,80;217,90;218,50;4667;0,00;0,00;0,15%
2024-09-09 00:00:00+02:00;217,14;218,56;217,12;218,06;4192;0,00;0,00;-0,20%
2024-09-10 00:00:00+02:00;218,76;220,10;218,44;220,10;7277;0,00;0,00;0,94%
2024-09-11 00:00:00+02:00;220,56;220,56;219,10;219,98;6436;0,00;0,00;-0,05%
2024-09-12 00:00:00+02:00;220,38;223,18;220,06;223,10;5372;0,00;0,00;1,42%
2024-09-13 00:00:00+02:00;223,50;224,40;223,00;224,28;10378;0,00;0,00;0,53%
2024-09-16 00:00:00+02:00;224,26;224,44;223,26;223,88;4524;0,00;0,00;-0,18%
2024-09-17 00:00:00+02:00;224,08;224,08;222,56;222,56;3662;0,00;0,00;-0,59%
2024-09-18 00:00:00+02:00;222,80;223,54;222,42;223,02;4410;0,00;0,00;0,21%
2024-09-19 00:00:00+02:00;223,00;224,16;222,82;223,56;7576;0,00;0,00;0,24%
2024-09-20 00:00:00+02:00;224,88;226,44;224,76;226,34;13237;0,00;0,00;1,24%
2024-09-23 00:00:00+02:00;226,76;228,26;226,66;227,76;4532;0,00;0,00;0,63%
2024-09-24 00:00:00+02:00;227,88;228,84;227,04;228,52;53956;0,00;0,00;0,33%
2024-09-25 00:00:00+02:00;228,58;229,92;228,38;229,64;8877;0,00;0,00;0,49%
2024-09-26 00:00:00+02:00;230,12;232,02;229,92;230,42;4861;0,00;0,00;0,34%
2024-09-27 00:00:00+02:00;230,80;231,18;228,30;229,00;6919;0,00;0,00;-0,62%
2024-09-30 00:00:00+02:00;229,52;229,64;226,94;227,72;6664;0,00;0,00;-0,56%
2024-10-01 00:00:00+02:00;229,10;233,86;229,00;232,14;8045;0,00;0,00;1,94%
2024-10-02 00:00:00+02:00;231,14;232,20;230,48;231,20;51410;0,00;0,00;-0,40%
2024-10-03 00:00:00+02:00;232,00;232,34;230,70;232,20;2960;0,00;0,00;0,43%
2024-10-04 00:00:00+02:00;232,48;234,48;231,66;233,62;6980;0,00;0,00;0,61%
2024-10-07 00:00:00+02:00;232,34;233,80;231,52;232,66;17632;0,00;0,00;-0,41%
2024-10-08 00:00:00+02:00;231,12;232,76;229,60;229,60;5516;0,00;0,00;-1,32%
2024-10-09 00:00:00+02:00;229,70;230,72;229,30;230,08;4444;0,00;0,00;0,21%
2024-10-10 00:00:00+02:00;230,10;231,90;229,88;231,22;10302;0,00;0,00;0,50%
2024-10-11 00:00:00+02:00;232,48;234,14;232,32;233,98;3906;0,00;0,00;1,19%
2024-10-14 00:00:00+02:00;235,12;235,12;233,78;233,86;7481;0,00;0,00;-0,05%
2024-10-15 00:00:00+02:00;234,50;235,56;234,00;235,50;3133;0,00;0,00;0,70%
2024-10-16 00:00:00+02:00;237,20;237,66;236,54;237,06;12137;0,00;0,00;0,66%
2024-10-17 00:00:00+02:00;238,16;240,18;237,84;239,66;6341;0,00;0,00;1,10%
2024-10-18 00:00:00+02:00;240,72;241,48;240,16;241,18;10553;0,00;0,00;0,63%
2024-10-21 00:00:00+02:00;242,68;243,50;241,90;242,56;11829;0,00;0,00;0,57%
2024-10-22 00:00:00+02:00;243,66;244,72;243,12;244,46;12755;0,00;0,00;0,78%
2024-10-23 00:00:00+02:00;245,88;246,50;242,02;242,86;11377;0,00;0,00;-0,65%
2024-10-24 00:00:00+02:00;244,44;245,14;243,00;243,84;6125;0,00;0,00;0,40%
2024-10-25 00:00:00+02:00;243,36;244,32;241,94;244,06;13874;0,00;0,00;0,09%
2024-10-28 00:00:00+01:00;244,40;244,60;243,22;244,60;7465;0,00;0,00;0,22%
2024-10-29 00:00:00+01:00;245,34;247,42;244,90;247,00;10043;0,00;0,00;0,98%
2024-10-30 00:00:00+01:00;247,82;248,32;246,48;247,22;7704;0,00;0,00;0,09%
2024-10-31 00:00:00+01:00;247,10;247,10;242,62;243,26;8883;0,00;0,00;-1,60%
2024-11-01 00:00:00+01:00;244,04;244,76;243,38;243,96;4400;0,00;0,00;0,29%
2024-11-04 00:00:00+01:00;242,08;242,92;241,84;242,34;11265;0,00;0,00;-0,66%
2024-11-05 00:00:00+01:00;242,18;243,90;241,60;241,74;4339;0,00;0,00;-0,25%
2024-11-06 00:00:00+01:00;244,78;245,02;238,94;239,94;9675;0,00;0,00;-0,74%
2024-11-07 00:00:00+01:00;238,82;240,82;237,88;240,68;8281;0,00;0,00;0,31%
2024-11-08 00:00:00+01:00;240,52;242,18;240,00;241,36;8530;0,00;0,00;0,28%
2024-11-11 00:00:00+01:00;240,72;241,40;236,56;236,82;14800;0,00;0,00;-1,88%
2024-11-12 00:00:00+01:00;235,94;237,52;235,14;236,28;18781;0,00;0,00;-0,23%
2024-11-13 00:00:00+01:00;236,72;237,34;236,20;236,20;8621;0,00;0,00;-0,03%
2024-11-14 00:00:00+01:00;233,64;234,88;232,62;234,82;13424;0,00;0,00;-0,58%
2024-11-15 00:00:00+01:00;234,42;235,72;233,92;234,32;7522;0,00;0,00;-0,21%
2024-11-18 00:00:00+01:00;236,10;238,54;236,10;238,02;7172;0,00;0,00;1,58%
2024-11-19 00:00:00+01:00;238,70;240,82;238,56;239,14;38808;0,00;0,00;0,47%
2024-11-20 00:00:00+01:00;238,96;243,12;238,96;242,86;7255;0,00;0,00;1,56%
2024-11-21 00:00:00+01:00;243,76;245,36;243,62;245,00;5875;0,00;0,00;0,88%
2024-11-22 00:00:00+01:00;247,68;251,22;247,62;250,50;13997;0,00;0,00;2,24%
2024-11-25 00:00:00+01:00;245,98;247,34;241,38;242,18;15126;0,00;0,00;-3,32%
2024-11-26 00:00:00+01:00;240,54;242,26;239,90;241,88;10965;0,00;0,00;-0,12%
2024-11-27 00:00:00+01:00;242,98;243,44;240,78;240,78;6144;0,00;0,00;-0,45%
2024-11-28 00:00:00+01:00;241,40;242,24;241,00;241,34;5036;0,00;0,00;0,23%
2024-11-29 00:00:00+01:00;242,52;243,30;242,12;243,18;6863;0,00;0,00;0,76%
2024-12-02 00:00:00+01:00;241,14;243,64;241,14;242,82;8728;0,00;0,00;-0,15%
2024-12-03 00:00:00+01:00;242,52;242,98;241,90;242,54;8717;0,00;0,00;-0,12%
2024-12-04 00:00:00+01:00;242,26;244,50;242,00;242,76;7796;0,00;0,00;0,09%
2024-12-05 00:00:00+01:00;242,28;242,74;240,30;240,58;14327;0,00;0,00;-0,90%
2024-12-06 00:00:00+01:00;240,40;241,56;239,26;240,78;7777;0,00;0,00;0,08%
2024-12-09 00:00:00+01:00;241,86;243,78;241,58;242,96;9318;0,00;0,00;0,91%
2024-12-10 00:00:00+01:00;243,58;247,12;243,34;246,66;11959;0,00;0,00;1,52%
2024-12-11 00:00:00+01:00;247,02;249,70;246,42;249,20;12245;0,00;0,00;1,03%
2024-12-12 00:00:00+01:00;248,94;249,36;245,82;245,82;11829;0,00;0,00;-1,36%
2024-12-13 00:00:00+01:00;247,02;247,24;243,82;244,40;8806;0,00;0,00;-0,58%
2024-12-16 00:00:00+01:00;243,36;244,82;243,28;243,34;6877;0,00;0,00;-0,43%
2024-12-17 00:00:00+01:00;243,62;244,34;241,52;242,20;9528;0,00;0,00;-0,47%
2024-12-18 00:00:00+01:00;242,76;243,40;242,08;242,88;7684;0,00;0,00;0,28%
2024-12-19 00:00:00+01:00;242,48;242,92;239,96;240,88;6241;0,00;0,00;-0,82%
2024-12-20 00:00:00+01:00;242,04;244,12;241,08;242,72;9175;0,00;0,00;0,76%
2024-12-23 00:00:00+01:00;243,18;243,70;241,76;242,14;8944;0,00;0,00;-0,24%
2024-12-27 00:00:00+01:00;243,48;243,48;241,50;242,28;4836;0,00;0,00;0,06%
2024-12-30 00:00:00+01:00;241,94;242,16;240,96;241,96;3566;0,00;0,00;-0,13%
2025-01-02 00:00:00+01:00;245,24;249,90;245,10;249,90;10019;0,00;0,00;3,28%
2025-01-03 00:00:00+01:00;248,62;249,32;247,16;247,30;7922;0,00;0,00;-1,04%
2025-01-06 00:00:00+01:00;245,16;245,68;242,78;244,64;7738;0,00;0,00;-1,08%
2025-01-07 00:00:00+01:00;244,56;247,00;244,00;246,50;7033;0,00;0,00;0,76%
2025-01-08 00:00:00+01:00;247,38;249,76;247,26;249,26;11030;0,00;0,00;1,12%
2025-01-09 00:00:00+01:00;249,34;250,30;248,86;249,72;18859;0,00;0,00;0,18%
2025-01-10 00:00:00+01:00;250,60;254,28;250,26;253,48;13325;0,00;0,00;1,51%
2025-01-13 00:00:00+01:00;253,52;254,20;251,36;251,66;8407;0,00;0,00;-0,72%
2025-01-14 00:00:00+01:00;250,74;251,28;249,82;250,32;10001;0,00;0,00;-0,53%
2025-01-15 00:00:00+01:00;250,78;251,60;249,80;251,60;13691;0,00;0,00;0,51%
2025-01-16 00:00:00+01:00;252,56;255,06;252,56;254,54;12226;0,00;0,00;1,17%
2025-01-17 00:00:00+01:00;253,90;254,54;252,90;254,16;8582;0,00;0,00;-0,15%
2025-01-20 00:00:00+01:00;252,82;253,30;250,30;250,68;12171;0,00;0,00;-1,37%
2025-01-21 00:00:00+01:00;253,46;254,28;252,84;253,84;10524;0,00;0,00;1,26%
2025-01-22 00:00:00+01:00;254,38;255,40;254,24;255,40;8739;0,00;0,00;0,61%
2025-01-23 00:00:00+01:00;255,28;255,40;253,32;254,76;8274;0,00;0,00;-0,25%
2025-01-24 00:00:00+01:00;255,24;257,16;254,24;254,56;59606;0,00;0,00;-0,08%
2025-01-27 00:00:00+01:00;253,44;254,18;251,28;251,58;10595;0,00;0,00;-1,17%
2025-01-28 00:00:00+01:00;253,04;256,22;252,74;254,72;11679;0,00;0,00;1,25%
2025-01-29 00:00:00+01:00;255,34;256,04;254,56;254,64;14310;0,00;0,00;-0,03%
2025-01-30 00:00:00+01:00;256,14;258,56;256,14;258,22;27625;0,00;0,00;1,41%
2025-01-31 00:00:00+01:00;259,04;261,82;259,00;260,10;17406;0,00;0,00;0,73%
2025-02-03 00:00:00+01:00;263,06;267,36;262,94;263,80;38636;0,00;0,00;1,42%
2025-02-04 00:00:00+01:00;262,92;265,80;262,32;263,82;29873;0,00;0,00;0,01%
2025-02-05 00:00:00+01:00;265,36;267,62;264,86;265,68;29272;0,00;0,00;0,71%
2025-02-06 00:00:00+01:00;265,10;268,24;263,40;264,90;11933;0,00;0,00;-0,29%
2025-02-07 00:00:00+01:00;265,74;268,78;265,44;267,26;10422;0,00;0,00;0,89%
2025-02-10 00:00:00+01:00;270,38;272,14;270,20;271,44;17347;0,00;0,00;1,56%
2025-02-11 00:00:00+01:00;272,42;272,58;269,20;270,72;14833;0,00;0,00;-0,27%
2025-02-12 00:00:00+01:00;268,56;269,86;267,00;269,26;16336;0,00;0,00;-0,54%
2025-02-13 00:00:00+01:00;269,78;270,90;269,16;269,40;6875;0,00;0,00;0,05%
2025-02-14 00:00:00+01:00;269,98;270,60;265,36;265,46;15462;0,00;0,00;-1,46%
2025-02-17 00:00:00+01:00;266,80;267,24;266,26;266,50;8694;0,00;0,00;0,39%
2025-02-18 00:00:00+01:00;267,98;270,12;267,86;269,90;11030;0,00;0,00;1,28%
2025-02-19 00:00:00+01:00;270,56;272,40;270,14;270,84;13251;0,00;0,00;0,35%
2025-02-20 00:00:00+01:00;272,62;272,88;269,72;270,90;12108;0,00;0,00;0,02%
2025-02-21 00:00:00+01:00;269,02;270,82;268,48;270,82;15806;0,00;0,00;-0,03%
2025-02-24 00:00:00+01:00;270,46;272,04;269,90;270,70;11691;0,00;0,00;-0,04%
2025-02-25 00:00:00+01:00;270,10;270,90;265,40;265,76;14281;0,00;0,00;-1,82%
2025-02-26 00:00:00+01:00;267,66;267,90;265,62;267,02;12249;0,00;0,00;0,47%
2025-02-27 00:00:00+01:00;265,94;267,06;264,64;265,96;12601;0,00;0,00;-0,40%
2025-02-28 00:00:00+01:00;264,84;265,54;262,20;263,90;10107;0,00;0,00;-0,77%
2025-03-03 00:00:00+01:00;265,24;265,90;264,12;265,38;12207;0,00;0,00;0,56%
2025-03-04 00:00:00+01:00;266,18;267,70;265,72;266,38;23219;0,00;0,00;0,38%
2025-03-05 00:00:00+01:00;263,84;263,98;260,00;261,98;9996;0,00;0,00;-1,65%
2025-03-06 00:00:00+01:00;259,48;259,82;257,92;259,50;15635;0,00;0,00;-0,95%
2025-03-07 00:00:00+01:00;259,66;260,20;257,86;258,96;8269;0,00;0,00;-0,21%
2025-03-10 00:00:00+01:00;259,12;259,28;256,98;257,96;14627;0,00;0,00;-0,39%
2025-03-11 00:00:00+01:00;256,74;258,06;256,68;257,24;12872;0,00;0,00;-0,28%
2025-03-12 00:00:00+01:00;257,68;259,40;257,24;259,40;12169;0,00;0,00;0,84%
2025-03-13 00:00:00+01:00;260,32;264,38;260,32;264,38;16070;0,00;0,00;1,92%
2025-03-14 00:00:00+01:00;265,40;267,20;263,90;264,42;22498;0,00;0,00;0,02%
2025-03-17 00:00:00+01:00;264,62;265,22;263,90;264,36;6102;0,00;0,00;-0,02%
2025-03-18 00:00:00+01:00;265,86;268,40;265,68;267,20;23059;0,00;0,00;1,07%
2025-03-19 00:00:00+01:00;268,38;268,92;267,30;268,76;11555;0,00;0,00;0,58%
2025-03-20 00:00:00+01:00;269,38;270,60;268,90;269,74;9410;0,00;0,00;0,36%
2025-03-21 00:00:00+01:00;269,68;270,16;266,94;268,60;11274;0,00;0,00;-0,42%
2025-03-24 00:00:00+01:00;268,72;270,10;268,28;268,58;9982;0,00;0,00;-0,01%
2025-03-25 00:00:00+01:00;268,98;270,50;268,52;269,60;15156;0,00;0,00;0,38%
2025-03-26 00:00:00+01:00;270,82;270,82;269,06;269,60;5862;0,00;0,00;0,00%
2025-03-27 00:00:00+01:00;271,84;273,28;271,00;272,58;14287;0,00;0,00;1,11%
2025-03-28 00:00:00+01:00;274,94;275,56;273,14;274,36;12046;0,00;0,00;0,65%
2025-03-31 00:00:00+02:00;277,38;278,86;276,30;278,08;16878;0,00;0,00;1,36%
2025-04-01 00:00:00+02:00;279,50;281,78;278,50;278,96;10502;0,00;0,00;0,32%
2025-04-02 00:00:00+02:00;278,02;279,64;277,00;277,58;19095;0,00;0,00;-0,49%
2025-04-03 00:00:00+02:00;274,10;275,08;265,00;270,74;38043;0,00;0,00;-2,46%
2025-04-04 00:00:00+02:00;269,92;273,56;264,86;264,86;23998;0,00;0,00;-2,17%
2025-04-07 00:00:00+02:00;264,54;268,22;262,90;263,30;22744;0,00;0,00;-0,59%
2025-04-08 00:00:00+02:00;264,18;266,96;264,06;265,78;17062;0,00;0,00;0,94%
2025-04-09 00:00:00+02:00;264,56;269,20;264,56;268,78;27810;0,00;0,00;1,13%
2025-04-10 00:00:00+02:00;273,68;274,08;270,00;272,92;13340;0,00;0,00;1,54%
2025-04-11 00:00:00+02:00;273,24;275,74;270,90;274,88;39939;0,00;0,00;0,72%
2025-04-14 00:00:00+02:00;272,74;273,58;271,42;271,70;16274;0,00;0,00;-1,16%
2025-04-15 00:00:00+02:00;274,22;275,08;272,72;274,84;9961;0,00;0,00;1,16%
2025-04-16 00:00:00+02:00;279,10;281,24;278,68;281,16;17762;0,00;0,00;2,30%
2025-04-17 00:00:00+02:00;282,18;283,00;278,40;279,04;9589;0,00;0,00;-0,75%
