Date;Open;High;Low;Close;Volume;Dividends;Stock Splits;Capital Gains;Daily Return
2020-04-20 00:00:00-04:00;26,24;26,79;26,23;26,34;2377200;0,00;0,00;0,00;nan%
2020-04-21 00:00:00-04:00;25,79;26,08;25,53;25,67;3026200;0,00;0,00;0,00;-2,54%
2020-04-22 00:00:00-04:00;25,96;26,03;25,83;25,96;2336600;0,00;0,00;0,00;1,12%
2020-04-23 00:00:00-04:00;25,87;26,40;25,58;25,68;5728400;0,00;0,00;0,00;-1,07%
2020-04-24 00:00:00-04:00;25,86;26,02;25,60;25,97;2664800;0,00;0,00;0,00;1,12%
2020-04-27 00:00:00-04:00;26,15;26,54;26,13;26,48;1666500;0,00;0,00;0,00;1,98%
2020-04-28 00:00:00-04:00;27,02;27,06;26,62;26,63;2444000;0,00;0,00;0,00;0,56%
2020-04-29 00:00:00-04:00;27,29;27,68;27,22;27,55;2322600;0,00;0,00;0,00;3,46%
2020-04-30 00:00:00-04:00;27,19;27,19;26,84;27,01;4322400;0,00;0,00;0,00;-1,96%
2020-05-01 00:00:00-04:00;26,60;26,73;26,28;26,41;4917000;0,00;0,00;0,00;-2,22%
2020-05-04 00:00:00-04:00;26,12;26,30;25,99;26,29;3017800;0,00;0,00;0,00;-0,46%
2020-05-05 00:00:00-04:00;26,35;26,51;26,19;26,24;1957100;0,00;0,00;0,00;-0,20%
2020-05-06 00:00:00-04:00;26,33;26,36;25,86;25,88;2690200;0,00;0,00;0,00;-1,36%
2020-05-07 00:00:00-04:00;26,32;26,51;26,19;26,35;2800400;0,00;0,00;0,00;1,81%
2020-05-08 00:00:00-04:00;26,70;26,84;26,66;26,79;1760000;0,00;0,00;0,00;1,68%
2020-05-11 00:00:00-04:00;26,48;26,68;26,39;26,63;1615500;0,00;0,00;0,00;-0,62%
2020-05-12 00:00:00-04:00;26,65;26,73;26,20;26,24;2100700;0,00;0,00;0,00;-1,47%
2020-05-13 00:00:00-04:00;26,18;26,20;25,54;25,75;3762100;0,00;0,00;0,00;-1,86%
2020-05-14 00:00:00-04:00;25,05;25,62;24,85;25,59;4711900;0,00;0,00;0,00;-0,64%
2020-05-15 00:00:00-04:00;25,49;25,71;25,39;25,65;2804700;0,00;0,00;0,00;0,24%
2020-05-18 00:00:00-04:00;26,48;27,25;26,48;27,10;5709500;0,00;0,00;0,00;5,66%
2020-05-19 00:00:00-04:00;26,97;27,08;26,71;26,73;3531700;0,00;0,00;0,00;-1,38%
2020-05-20 00:00:00-04:00;27,25;27,57;27,17;27,41;3701400;0,00;0,00;0,00;2,57%
2020-05-21 00:00:00-04:00;27,36;27,49;27,01;27,15;4917000;0,00;0,00;0,00;-0,95%
2020-05-22 00:00:00-04:00;27,04;27,12;26,88;27,11;2180900;0,00;0,00;0,00;-0,16%
2020-05-26 00:00:00-04:00;27,99;28,14;27,89;27,90;5992500;0,00;0,00;0,00;2,92%
2020-05-27 00:00:00-04:00;28,62;28,72;28,32;28,66;8291300;0,00;0,00;0,00;2,71%
2020-05-28 00:00:00-04:00;28,95;29,28;28,87;28,92;5238700;0,00;0,00;0,00;0,94%
2020-05-29 00:00:00-04:00;29,09;29,12;28,65;29,00;5845300;0,00;0,00;0,00;0,27%
2020-06-01 00:00:00-04:00;29,19;29,64;29,17;29,59;2201700;0,00;0,00;0,00;2,01%
2020-06-02 00:00:00-04:00;29,93;30,17;29,85;30,15;3593900;0,00;0,00;0,00;1,91%
2020-06-03 00:00:00-04:00;30,84;31,45;30,81;31,35;4391600;0,00;0,00;0,00;3,98%
2020-06-04 00:00:00-04:00;31,20;31,61;31,13;31,40;3896900;0,00;0,00;0,00;0,17%
2020-06-05 00:00:00-04:00;32,39;32,60;32,23;32,33;5490100;0,00;0,00;0,00;2,96%
2020-06-08 00:00:00-04:00;32,52;32,70;32,20;32,70;6584700;0,00;0,00;0,00;1,13%
2020-06-09 00:00:00-04:00;31,92;32,28;31,85;32,06;5570800;0,00;0,00;0,00;-1,94%
2020-06-10 00:00:00-04:00;32,16;32,23;31,73;31,87;2711100;0,00;0,00;0,00;-0,60%
2020-06-11 00:00:00-04:00;30,91;31,01;29,74;29,85;4136700;0,00;0,00;0,00;-6,36%
2020-06-12 00:00:00-04:00;30,74;30,84;29,88;30,37;3565200;0,00;0,00;0,00;1,75%
2020-06-15 00:00:00-04:00;29,75;30,75;29,67;30,65;2382500;0,00;0,00;0,00;0,94%
2020-06-16 00:00:00-04:00;31,30;31,46;30,66;31,07;3993400;0,00;0,00;0,00;1,36%
2020-06-17 00:00:00-04:00;31,40;31,40;31,09;31,19;1369400;0,00;0,00;0,00;0,39%
2020-06-18 00:00:00-04:00;30,92;31,19;30,85;31,04;1661600;0,00;0,00;0,00;-0,50%
2020-06-19 00:00:00-04:00;31,52;31,52;30,79;30,84;1599500;0,00;0,00;0,00;-0,64%
2020-06-22 00:00:00-04:00;31,07;31,39;30,94;31,32;973000;0,35;0,00;0,00;1,55%
2020-06-23 00:00:00-04:00;31,91;31,97;31,64;31,66;2232000;0,00;0,00;0,00;1,09%
2020-06-24 00:00:00-04:00;31,22;31,32;30,63;30,77;3020400;0,00;0,00;0,00;-2,80%
2020-06-25 00:00:00-04:00;30,75;31,28;30,58;31,24;2575800;0,00;0,00;0,00;1,54%
2020-06-26 00:00:00-04:00;31,17;31,17;30,60;30,68;2705100;0,00;0,00;0,00;-1,80%
2020-06-29 00:00:00-04:00;31,02;31,26;30,79;31,16;2011300;0,00;0,00;0,00;1,55%
2020-06-30 00:00:00-04:00;30,85;31,32;30,79;31,20;2347700;0,00;0,00;0,00;0,14%
2020-07-01 00:00:00-04:00;30,96;31,30;30,93;31,21;1829700;0,00;0,00;0,00;0,03%
2020-07-02 00:00:00-04:00;31,90;32,16;31,74;31,78;4404600;0,00;0,00;0,00;1,83%
2020-07-06 00:00:00-04:00;32,44;32,54;32,24;32,43;3112500;0,00;0,00;0,00;2,04%
2020-07-07 00:00:00-04:00;32,07;32,19;31,82;31,86;2002700;0,00;0,00;0,00;-1,76%
2020-07-08 00:00:00-04:00;31,87;32,15;31,77;32,15;2874500;0,00;0,00;0,00;0,91%
2020-07-09 00:00:00-04:00;32,15;32,16;31,44;31,70;3153700;0,00;0,00;0,00;-1,39%
2020-07-10 00:00:00-04:00;31,84;32,14;31,73;32,08;2685300;0,00;0,00;0,00;1,19%
2020-07-13 00:00:00-04:00;32,46;32,69;31,95;32,03;2979300;0,00;0,00;0,00;-0,16%
2020-07-14 00:00:00-04:00;32,04;32,64;32,01;32,58;3758800;0,00;0,00;0,00;1,73%
2020-07-15 00:00:00-04:00;33,14;33,27;32,86;33,02;2404500;0,00;0,00;0,00;1,35%
2020-07-16 00:00:00-04:00;32,90;33,11;32,81;32,92;1768700;0,00;0,00;0,00;-0,29%
2020-07-17 00:00:00-04:00;32,99;33,12;32,88;33,07;1988400;0,00;0,00;0,00;0,45%
2020-07-20 00:00:00-04:00;33,09;33,33;32,99;33,31;1960800;0,00;0,00;0,00;0,72%
2020-07-21 00:00:00-04:00;33,57;33,69;33,40;33,44;1422200;0,00;0,00;0,00;0,40%
2020-07-22 00:00:00-04:00;33,52;33,63;33,38;33,55;3010000;0,00;0,00;0,00;0,34%
2020-07-23 00:00:00-04:00;33,46;33,59;33,14;33,22;2169300;0,00;0,00;0,00;-0,99%
2020-07-24 00:00:00-04:00;32,97;33,10;32,86;32,97;2306100;0,00;0,00;0,00;-0,74%
2020-07-27 00:00:00-04:00;33,23;33,48;33,21;33,32;4085500;0,00;0,00;0,00;1,04%
2020-07-28 00:00:00-04:00;33,12;33,30;33,04;33,08;2316600;0,00;0,00;0,00;-0,71%
2020-07-29 00:00:00-04:00;33,27;33,54;33,19;33,47;1941000;0,00;0,00;0,00;1,17%
2020-07-30 00:00:00-04:00;32,49;32,86;32,08;32,83;4425500;0,00;0,00;0,00;-1,92%
2020-07-31 00:00:00-04:00;32,76;32,78;31,82;32,10;5371500;0,00;0,00;0,00;-2,22%
2020-08-03 00:00:00-04:00;32,56;32,83;32,44;32,77;4499100;0,00;0,00;0,00;2,11%
2020-08-04 00:00:00-04:00;32,60;32,98;32,54;32,95;1718000;0,00;0,00;0,00;0,54%
2020-08-05 00:00:00-04:00;33,29;33,41;33,08;33,13;2382700;0,00;0,00;0,00;0,56%
2020-08-06 00:00:00-04:00;32,95;33,22;32,84;33,17;3089600;0,00;0,00;0,00;0,11%
2020-08-07 00:00:00-04:00;32,73;32,99;32,71;32,99;2205100;0,00;0,00;0,00;-0,53%
2020-08-10 00:00:00-04:00;32,97;33,04;32,79;32,97;2537900;0,00;0,00;0,00;-0,05%
2020-08-11 00:00:00-04:00;33,68;33,76;33,17;33,21;3152000;0,00;0,00;0,00;0,72%
2020-08-12 00:00:00-04:00;33,89;34,15;33,84;34,01;2331500;0,00;0,00;0,00;2,41%
2020-08-13 00:00:00-04:00;33,90;34,02;33,63;33,76;2070500;0,00;0,00;0,00;-0,75%
2020-08-14 00:00:00-04:00;33,41;33,56;33,35;33,48;1994800;0,00;0,00;0,00;-0,83%
2020-08-17 00:00:00-04:00;33,63;33,69;33,57;33,65;1132100;0,00;0,00;0,00;0,52%
2020-08-18 00:00:00-04:00;33,91;33,94;33,51;33,60;1924800;0,00;0,00;0,00;-0,16%
2020-08-19 00:00:00-04:00;33,83;33,90;33,50;33,55;5593100;0,00;0,00;0,00;-0,13%
2020-08-20 00:00:00-04:00;33,11;33,40;33,09;33,36;2075300;0,00;0,00;0,00;-0,58%
2020-08-21 00:00:00-04:00;32,69;33,05;32,67;33,02;3314200;0,00;0,00;0,00;-1,03%
2020-08-24 00:00:00-04:00;33,76;33,76;33,53;33,68;3094200;0,00;0,00;0,00;1,99%
2020-08-25 00:00:00-04:00;34,11;34,11;33,60;33,84;2885600;0,00;0,00;0,00;0,50%
2020-08-26 00:00:00-04:00;33,83;34,13;33,81;34,12;1293900;0,00;0,00;0,00;0,80%
2020-08-27 00:00:00-04:00;34,13;34,13;33,52;33,66;3765600;0,00;0,00;0,00;-1,34%
2020-08-28 00:00:00-04:00;33,87;33,94;33,70;33,91;2092900;0,00;0,00;0,00;0,76%
2020-08-31 00:00:00-04:00;33,75;33,87;33,43;33,46;3448600;0,00;0,00;0,00;-1,35%
2020-09-01 00:00:00-04:00;33,51;33,67;33,32;33,49;4049300;0,00;0,00;0,00;0,10%
2020-09-02 00:00:00-04:00;33,88;34,20;33,72;34,17;3868900;0,00;0,00;0,00;2,02%
2020-09-03 00:00:00-04:00;34,21;34,26;33,22;33,38;6751900;0,00;0,00;0,00;-2,31%
2020-09-04 00:00:00-04:00;33,51;33,62;32,73;33,41;7273100;0,00;0,00;0,00;0,11%
2020-09-08 00:00:00-04:00;32,88;33,17;32,73;32,83;4985600;0,00;0,00;0,00;-1,76%
2020-09-09 00:00:00-04:00;33,53;33,86;33,46;33,69;3571800;0,00;0,00;0,00;2,62%
2020-09-10 00:00:00-04:00;33,91;34,04;33,26;33,27;8908500;0,00;0,00;0,00;-1,23%
2020-09-11 00:00:00-04:00;33,59;33,78;33,38;33,57;6219500;0,00;0,00;0,00;0,90%
2020-09-14 00:00:00-04:00;33,81;33,83;33,58;33,62;2330200;0,00;0,00;0,00;0,16%
2020-09-15 00:00:00-04:00;33,96;33,99;33,73;33,82;2360600;0,00;0,00;0,00;0,57%
2020-09-16 00:00:00-04:00;33,74;33,91;33,55;33,59;2678000;0,00;0,00;0,00;-0,68%
2020-09-17 00:00:00-04:00;33,41;33,73;33,36;33,69;2823600;0,00;0,00;0,00;0,31%
2020-09-18 00:00:00-04:00;33,51;33,51;33,15;33,33;4245100;0,00;0,00;0,00;-1,09%
2020-09-21 00:00:00-04:00;32,17;32,23;31,71;32,13;7718700;0,18;0,00;0,00;-3,59%
2020-09-22 00:00:00-04:00;32,16;32,18;31,66;32,02;3431400;0,00;0,00;0,00;-0,33%
2020-09-23 00:00:00-04:00;32,15;32,16;31,49;31,52;4010700;0,00;0,00;0,00;-1,57%
2020-09-24 00:00:00-04:00;31,60;31,87;31,36;31,64;5300700;0,00;0,00;0,00;0,36%
2020-09-25 00:00:00-04:00;31,08;31,57;30,97;31,56;3766800;0,00;0,00;0,00;-0,25%
2020-09-28 00:00:00-04:00;32,16;32,28;32,11;32,24;3289000;0,00;0,00;0,00;2,18%
2020-09-29 00:00:00-04:00;32,32;32,47;32,16;32,31;2065200;0,00;0,00;0,00;0,19%
2020-09-30 00:00:00-04:00;32,22;32,43;31,91;32,08;4721000;0,00;0,00;0,00;-0,71%
2020-10-01 00:00:00-04:00;32,21;32,26;31,99;32,20;4156700;0,00;0,00;0,00;0,39%
2020-10-02 00:00:00-04:00;31,71;32,20;31,71;32,10;3273300;0,00;0,00;0,00;-0,30%
2020-10-05 00:00:00-04:00;32,39;32,70;32,39;32,70;2624900;0,00;0,00;0,00;1,87%
2020-10-06 00:00:00-04:00;32,83;32,84;32,24;32,30;4102500;0,00;0,00;0,00;-1,24%
2020-10-07 00:00:00-04:00;32,52;32,70;32,46;32,63;2867500;0,00;0,00;0,00;1,04%
2020-10-08 00:00:00-04:00;32,77;32,92;32,76;32,90;1827500;0,00;0,00;0,00;0,81%
2020-10-09 00:00:00-04:00;33,13;33,27;33,06;33,19;2377400;0,00;0,00;0,00;0,89%
2020-10-12 00:00:00-04:00;33,32;33,50;33,31;33,44;1626900;0,00;0,00;0,00;0,74%
2020-10-13 00:00:00-04:00;33,06;33,06;32,85;32,96;2340000;0,00;0,00;0,00;-1,43%
2020-10-14 00:00:00-04:00;33,02;33,14;32,76;32,79;2733300;0,00;0,00;0,00;-0,51%
2020-10-15 00:00:00-04:00;31,94;32,25;31,86;32,24;4015400;0,00;0,00;0,00;-1,67%
2020-10-16 00:00:00-04:00;32,54;32,77;32,47;32,58;3667600;0,00;0,00;0,00;1,04%
2020-10-19 00:00:00-04:00;32,80;32,85;32,35;32,41;2633500;0,00;0,00;0,00;-0,51%
2020-10-20 00:00:00-04:00;32,81;32,94;32,64;32,67;1803200;0,00;0,00;0,00;0,79%
2020-10-21 00:00:00-04:00;32,44;32,63;32,24;32,24;2593800;0,00;0,00;0,00;-1,30%
2020-10-22 00:00:00-04:00;32,11;32,29;31,93;32,23;2211900;0,00;0,00;0,00;-0,05%
2020-10-23 00:00:00-04:00;32,64;32,65;32,32;32,57;2131900;0,00;0,00;0,00;1,07%
2020-10-26 00:00:00-04:00;31,78;31,83;31,22;31,49;3786100;0,00;0,00;0,00;-3,31%
2020-10-27 00:00:00-04:00;31,30;31,37;30,91;30,95;3202100;0,00;0,00;0,00;-1,74%
2020-10-28 00:00:00-04:00;29,84;29,99;29,52;29,66;10561400;0,00;0,00;0,00;-4,16%
2020-10-29 00:00:00-04:00;29,54;29,89;29,31;29,74;7809200;0,00;0,00;0,00;0,27%
2020-10-30 00:00:00-04:00;29,69;29,76;29,39;29,64;4716100;0,00;0,00;0,00;-0,33%
2020-11-02 00:00:00-05:00;30,15;30,29;29,92;30,19;4992600;0,00;0,00;0,00;1,85%
2020-11-03 00:00:00-05:00;30,89;31,34;30,86;31,18;4618600;0,00;0,00;0,00;3,27%
2020-11-04 00:00:00-05:00;31,34;31,90;31,17;31,56;7300500;0,00;0,00;0,00;1,25%
2020-11-05 00:00:00-05:00;32,52;32,67;32,31;32,51;5523700;0,00;0,00;0,00;2,99%
2020-11-06 00:00:00-05:00;32,74;32,79;32,56;32,61;4493700;0,00;0,00;0,00;0,30%
2020-11-09 00:00:00-05:00;35,03;35,03;34,23;34,24;11386400;0,00;0,00;0,00;5,01%
2020-11-10 00:00:00-05:00;34,93;35,09;34,76;34,87;5446800;0,00;0,00;0,00;1,83%
2020-11-11 00:00:00-05:00;34,87;35,07;34,82;35,05;3586500;0,00;0,00;0,00;0,53%
2020-11-12 00:00:00-05:00;34,66;34,81;34,36;34,47;3537700;0,00;0,00;0,00;-1,66%
2020-11-13 00:00:00-05:00;34,75;35,01;34,75;34,98;2925400;0,00;0,00;0,00;1,48%
2020-11-16 00:00:00-05:00;35,34;35,38;35,02;35,26;2022200;0,00;0,00;0,00;0,81%
2020-11-17 00:00:00-05:00;35,15;35,40;35,02;35,32;2133200;0,00;0,00;0,00;0,18%
2020-11-18 00:00:00-05:00;35,36;35,47;35,10;35,10;1470900;0,00;0,00;0,00;-0,62%
2020-11-19 00:00:00-05:00;35,06;35,32;34,94;35,30;1747800;0,00;0,00;0,00;0,55%
2020-11-20 00:00:00-05:00;35,20;35,32;35,16;35,25;2029800;0,00;0,00;0,00;-0,13%
2020-11-23 00:00:00-05:00;35,46;35,49;35,08;35,29;2082900;0,00;0,00;0,00;0,10%
2020-11-24 00:00:00-05:00;35,58;35,84;35,54;35,84;2378600;0,00;0,00;0,00;1,58%
2020-11-25 00:00:00-05:00;35,71;35,98;35,65;35,91;1785000;0,00;0,00;0,00;0,17%
2020-11-27 00:00:00-05:00;36,06;36,25;36,06;36,17;1572700;0,00;0,00;0,00;0,74%
2020-11-30 00:00:00-05:00;36,33;36,37;35,56;35,59;3035600;0,00;0,00;0,00;-1,61%
2020-12-01 00:00:00-05:00;36,20;36,52;36,18;36,49;2324800;0,00;0,00;0,00;2,53%
2020-12-02 00:00:00-05:00;36,32;36,54;36,28;36,51;2437100;0,00;0,00;0,00;0,05%
2020-12-03 00:00:00-05:00;36,65;36,74;36,39;36,48;1721500;0,00;0,00;0,00;-0,07%
2020-12-04 00:00:00-05:00;36,70;36,85;36,69;36,82;1985600;0,00;0,00;0,00;0,92%
2020-12-07 00:00:00-05:00;36,65;36,78;36,54;36,61;1461100;0,00;0,00;0,00;-0,55%
2020-12-08 00:00:00-05:00;36,49;36,72;36,49;36,69;976400;0,00;0,00;0,00;0,22%
2020-12-09 00:00:00-05:00;36,77;36,80;36,36;36,55;1632000;0,00;0,00;0,00;-0,38%
2020-12-10 00:00:00-05:00;36,35;36,74;36,32;36,61;1630800;0,00;0,00;0,00;0,17%
2020-12-11 00:00:00-05:00;36,27;36,39;36,10;36,33;1485300;0,00;0,00;0,00;-0,77%
2020-12-14 00:00:00-05:00;36,66;36,71;36,37;36,37;1408900;0,00;0,00;0,00;0,12%
2020-12-15 00:00:00-05:00;36,71;36,90;36,60;36,89;1768100;0,00;0,00;0,00;1,43%
2020-12-16 00:00:00-05:00;36,94;37,12;36,79;37,05;1787700;0,00;0,00;0,00;0,43%
2020-12-17 00:00:00-05:00;37,45;37,54;37,37;37,42;2391400;0,00;0,00;0,00;0,98%
2020-12-18 00:00:00-05:00;37,38;37,38;37,07;37,15;2051700;0,00;0,00;0,00;-0,71%
2020-12-21 00:00:00-05:00;35,96;36,60;35,79;36,51;2653400;0,25;0,00;0,00;-1,72%
2020-12-22 00:00:00-05:00;36,50;36,56;36,38;36,48;1499400;0,00;0,00;0,00;-0,07%
2020-12-23 00:00:00-05:00;36,96;37,08;36,88;37,01;1184800;0,00;0,00;0,00;1,44%
2020-12-24 00:00:00-05:00;37,03;37,13;36,95;37,12;703900;0,00;0,00;0,00;0,31%
2020-12-28 00:00:00-05:00;37,44;37,58;37,33;37,38;937900;0,00;0,00;0,00;0,69%
2020-12-29 00:00:00-05:00;37,73;37,75;37,35;37,44;1222900;0,00;0,00;0,00;0,17%
2020-12-30 00:00:00-05:00;37,59;37,71;37,44;37,46;1211200;0,00;0,00;0,00;0,05%
2020-12-31 00:00:00-05:00;37,33;37,33;36,90;37,04;907300;0,00;0,00;0,00;-1,14%
2021-01-04 00:00:00-05:00;37,97;37,99;37,09;37,31;2273900;0,00;0,00;0,00;0,74%
2021-01-05 00:00:00-05:00;37,23;37,62;37,20;37,55;923400;0,00;0,00;0,00;0,64%
2021-01-06 00:00:00-05:00;37,76;38,30;37,72;38,15;1710100;0,00;0,00;0,00;1,61%
2021-01-07 00:00:00-05:00;38,14;38,25;38,05;38,17;1226100;0,00;0,00;0,00;0,05%
2021-01-08 00:00:00-05:00;38,35;38,38;37,97;38,35;1611700;0,00;0,00;0,00;0,47%
2021-01-11 00:00:00-05:00;37,52;37,88;37,52;37,76;1114800;0,00;0,00;0,00;-1,53%
2021-01-12 00:00:00-05:00;37,67;37,85;37,48;37,83;1188800;0,00;0,00;0,00;0,16%
2021-01-13 00:00:00-05:00;37,73;37,88;37,62;37,75;935600;0,00;0,00;0,00;-0,21%
2021-01-14 00:00:00-05:00;37,82;38,07;37,79;37,99;956000;0,00;0,00;0,00;0,63%
2021-01-15 00:00:00-05:00;37,51;37,55;37,05;37,25;1315000;0,00;0,00;0,00;-1,94%
2021-01-19 00:00:00-05:00;37,67;37,67;37,39;37,54;892800;0,00;0,00;0,00;0,79%
2021-01-20 00:00:00-05:00;37,67;37,81;37,57;37,77;901000;0,00;0,00;0,00;0,61%
2021-01-21 00:00:00-05:00;37,90;37,92;37,63;37,86;874100;0,00;0,00;0,00;0,23%
2021-01-22 00:00:00-05:00;37,56;37,75;37,55;37,63;2402600;0,00;0,00;0,00;-0,61%
2021-01-25 00:00:00-05:00;37,12;37,27;36,84;37,27;1901600;0,00;0,00;0,00;-0,97%
2021-01-26 00:00:00-05:00;37,59;37,69;37,43;37,59;2291900;0,00;0,00;0,00;0,86%
2021-01-27 00:00:00-05:00;36,68;36,94;36,26;36,54;3673200;0,00;0,00;0,00;-2,79%
2021-01-28 00:00:00-05:00;36,90;37,22;36,87;36,98;2382700;0,00;0,00;0,00;1,21%
2021-01-29 00:00:00-05:00;36,64;36,73;36,04;36,18;3281300;0,00;0,00;0,00;-2,16%
2021-02-01 00:00:00-05:00;36,76;36,76;36,51;36,68;1217900;0,00;0,00;0,00;1,37%
2021-02-02 00:00:00-05:00;37,04;37,26;36,95;37,23;1422300;0,00;0,00;0,00;1,50%
2021-02-03 00:00:00-05:00;37,22;37,37;37,11;37,33;959200;0,00;0,00;0,00;0,26%
2021-02-04 00:00:00-05:00;37,28;37,51;37,27;37,45;1074600;0,00;0,00;0,00;0,33%
2021-02-05 00:00:00-05:00;37,76;37,89;37,60;37,83;929000;0,00;0,00;0,00;1,00%
2021-02-08 00:00:00-05:00;38,02;38,14;37,87;38,05;871300;0,00;0,00;0,00;0,59%
2021-02-09 00:00:00-05:00;37,99;38,19;37,96;38,12;736700;0,00;0,00;0,00;0,19%
2021-02-10 00:00:00-05:00;38,22;38,27;37,76;37,92;1104800;0,00;0,00;0,00;-0,51%
2021-02-11 00:00:00-05:00;38,24;38,30;38,06;38,25;1086600;0,00;0,00;0,00;0,87%
2021-02-12 00:00:00-05:00;38,17;38,53;38,15;38,50;673600;0,00;0,00;0,00;0,65%
2021-02-16 00:00:00-05:00;38,73;38,85;38,64;38,74;1392200;0,00;0,00;0,00;0,62%
2021-02-17 00:00:00-05:00;38,38;38,46;38,18;38,39;1414200;0,00;0,00;0,00;-0,89%
2021-02-18 00:00:00-05:00;38,30;38,37;38,06;38,34;1039400;0,00;0,00;0,00;-0,14%
2021-02-19 00:00:00-05:00;38,62;38,77;38,51;38,55;1483500;0,00;0,00;0,00;0,56%
2021-02-22 00:00:00-05:00;38,47;38,72;38,44;38,48;1013800;0,00;0,00;0,00;-0,18%
2021-02-23 00:00:00-05:00;38,38;38,62;38,04;38,53;1555100;0,00;0,00;0,00;0,12%
2021-02-24 00:00:00-05:00;38,44;38,86;38,30;38,82;1545700;0,00;0,00;0,00;0,76%
2021-02-25 00:00:00-05:00;38,91;39,01;38,02;38,08;3482800;0,00;0,00;0,00;-1,90%
2021-02-26 00:00:00-05:00;38,10;38,10;37,65;37,71;2675200;0,00;0,00;0,00;-0,98%
2021-03-01 00:00:00-05:00;38,14;38,45;38,10;38,42;1541300;0,00;0,00;0,00;1,88%
2021-03-02 00:00:00-05:00;38,52;38,62;38,38;38,46;1513600;0,00;0,00;0,00;0,12%
2021-03-03 00:00:00-05:00;38,37;38,54;38,18;38,23;2613200;0,00;0,00;0,00;-0,60%
2021-03-04 00:00:00-05:00;38,30;38,47;37,60;37,83;3792800;0,00;0,00;0,00;-1,04%
2021-03-05 00:00:00-05:00;38,04;38,06;37,50;38,00;2971400;0,00;0,00;0,00;0,45%
2021-03-08 00:00:00-05:00;38,00;38,47;37,93;38,20;2459100;0,00;0,00;0,00;0,51%
2021-03-09 00:00:00-05:00;38,69;38,82;38,62;38,74;1917700;0,00;0,00;0,00;1,42%
2021-03-10 00:00:00-05:00;39,10;39,20;38,94;39,17;1646500;0,00;0,00;0,00;1,12%
2021-03-11 00:00:00-05:00;39,42;39,63;39,30;39,56;1197100;0,00;0,00;0,00;0,97%
2021-03-12 00:00:00-05:00;39,17;39,56;39,15;39,56;1055000;0,00;0,00;0,00;0,00%
2021-03-15 00:00:00-04:00;39,36;39,40;39,09;39,38;892900;0,00;0,00;0,00;-0,45%
2021-03-16 00:00:00-04:00;39,43;39,43;39,28;39,32;2730700;0,00;0,00;0,00;-0,16%
2021-03-17 00:00:00-04:00;39,28;39,78;39,28;39,72;1506700;0,00;0,00;0,00;1,02%
2021-03-18 00:00:00-04:00;39,45;39,72;39,19;39,24;1855400;0,00;0,00;0,00;-1,21%
2021-03-19 00:00:00-04:00;39,13;39,35;38,95;39,25;1367700;0,00;0,00;0,00;0,05%
2021-03-22 00:00:00-04:00;39,27;39,38;39,19;39,27;995500;0,02;0,00;0,00;0,05%
2021-03-23 00:00:00-04:00;39,12;39,19;38,74;38,80;1066200;0,00;0,00;0,00;-1,20%
2021-03-24 00:00:00-04:00;38,85;38,99;38,70;38,70;1244700;0,00;0,00;0,00;-0,25%
2021-03-25 00:00:00-04:00;38,55;38,98;38,50;38,95;1420500;0,00;0,00;0,00;0,64%
2021-03-26 00:00:00-04:00;39,07;39,47;39,06;39,45;1255300;0,00;0,00;0,00;1,28%
2021-03-29 00:00:00-04:00;39,28;39,48;39,22;39,38;1071600;0,00;0,00;0,00;-0,18%
2021-03-30 00:00:00-04:00;39,34;39,60;39,34;39,52;1246800;0,00;0,00;0,00;0,36%
2021-03-31 00:00:00-04:00;39,48;39,70;39,43;39,53;1642900;0,00;0,00;0,00;0,02%
2021-04-01 00:00:00-04:00;39,82;40,23;39,80;40,21;2952900;0,00;0,00;0,00;1,73%
2021-04-05 00:00:00-04:00;40,62;40,95;40,50;40,92;2725000;0,00;0,00;0,00;1,77%
2021-04-06 00:00:00-04:00;40,44;40,53;40,37;40,51;1554700;0,00;0,00;0,00;-1,02%
2021-04-07 00:00:00-04:00;40,52;40,64;40,44;40,57;1209800;0,00;0,00;0,00;0,15%
2021-04-08 00:00:00-04:00;40,68;40,82;40,59;40,76;827400;0,00;0,00;0,00;0,48%
2021-04-09 00:00:00-04:00;40,68;40,86;40,66;40,84;1428100;0,00;0,00;0,00;0,17%
2021-04-12 00:00:00-04:00;40,69;40,76;40,57;40,68;1079300;0,00;0,00;0,00;-0,37%
2021-04-13 00:00:00-04:00;40,73;40,93;40,70;40,93;899300;0,00;0,00;0,00;0,61%
2021-04-14 00:00:00-04:00;40,91;41,06;40,85;40,92;912600;0,00;0,00;0,00;-0,04%
2021-04-15 00:00:00-04:00;41,13;41,24;41,09;41,23;1118400;0,00;0,00;0,00;0,76%
2021-04-16 00:00:00-04:00;41,49;41,80;41,49;41,80;996600;0,00;0,00;0,00;1,40%
2021-04-19 00:00:00-04:00;41,81;41,82;41,55;41,71;948900;0,00;0,00;0,00;-0,23%
2021-04-20 00:00:00-04:00;41,27;41,29;40,84;40,92;1125200;0,00;0,00;0,00;-1,90%
2021-04-21 00:00:00-04:00;40,90;41,50;40,90;41,50;950700;0,00;0,00;0,00;1,43%
2021-04-22 00:00:00-04:00;41,59;41,63;41,29;41,39;984900;0,00;0,00;0,00;-0,28%
2021-04-23 00:00:00-04:00;41,47;41,93;41,44;41,83;775300;0,00;0,00;0,00;1,07%
2021-04-26 00:00:00-04:00;41,87;41,94;41,82;41,89;873100;0,00;0,00;0,00;0,15%
2021-04-27 00:00:00-04:00;41,77;41,89;41,71;41,85;1017400;0,00;0,00;0,00;-0,11%
2021-04-28 00:00:00-04:00;41,83;42,10;41,80;42,01;594300;0,00;0,00;0,00;0,38%
2021-04-29 00:00:00-04:00;42,10;42,10;41,67;42,00;1101400;0,00;0,00;0,00;-0,02%
2021-04-30 00:00:00-04:00;41,69;41,77;41,14;41,27;1460800;0,00;0,00;0,00;-1,73%
2021-05-03 00:00:00-04:00;41,71;41,84;41,64;41,79;1099500;0,00;0,00;0,00;1,25%
2021-05-04 00:00:00-04:00;41,21;41,30;40,70;40,94;2005300;0,00;0,00;0,00;-2,02%
2021-05-05 00:00:00-04:00;41,49;41,66;41,34;41,62;2793100;0,00;0,00;0,00;1,65%
2021-05-06 00:00:00-04:00;41,74;42,02;41,53;42,01;1275400;0,00;0,00;0,00;0,94%
2021-05-07 00:00:00-04:00;42,17;42,64;42,11;42,64;1642000;0,00;0,00;0,00;1,50%
2021-05-10 00:00:00-04:00;42,57;42,58;42,13;42,16;2008500;0,00;0,00;0,00;-1,12%
2021-05-11 00:00:00-04:00;41,47;41,79;41,39;41,63;2183100;0,00;0,00;0,00;-1,26%
2021-05-12 00:00:00-04:00;41,39;41,66;41,11;41,20;2631600;0,00;0,00;0,00;-1,02%
2021-05-13 00:00:00-04:00;41,38;41,75;41,35;41,65;1646700;0,00;0,00;0,00;1,10%
2021-05-14 00:00:00-04:00;42,16;42,66;42,12;42,63;5093000;0,00;0,00;0,00;2,35%
2021-05-17 00:00:00-04:00;42,34;42,49;42,27;42,46;1714500;0,00;0,00;0,00;-0,40%
2021-05-18 00:00:00-04:00;42,58;42,62;42,40;42,40;1217500;0,00;0,00;0,00;-0,15%
2021-05-19 00:00:00-04:00;41,64;42,01;41,37;41,82;3387500;0,00;0,00;0,00;-1,36%
2021-05-20 00:00:00-04:00;42,21;42,66;42,18;42,58;2432900;0,00;0,00;0,00;1,81%
2021-05-21 00:00:00-04:00;42,66;42,76;42,54;42,71;1369200;0,00;0,00;0,00;0,31%
2021-05-24 00:00:00-04:00;42,86;43,12;42,82;43,05;1044000;0,00;0,00;0,00;0,79%
2021-05-25 00:00:00-04:00;43,22;43,27;42,98;43,10;2936100;0,00;0,00;0,00;0,12%
2021-05-26 00:00:00-04:00;42,90;42,98;42,76;42,84;1735300;0,00;0,00;0,00;-0,60%
2021-05-27 00:00:00-04:00;42,98;43,07;42,82;42,94;1317800;0,00;0,00;0,00;0,23%
2021-05-28 00:00:00-04:00;43,06;43,26;43,03;43,17;1962400;0,00;0,00;0,00;0,54%
2021-06-01 00:00:00-04:00;43,57;43,60;43,31;43,36;1770100;0,00;0,00;0,00;0,43%
2021-06-02 00:00:00-04:00;43,35;43,51;43,28;43,44;1120800;0,00;0,00;0,00;0,18%
2021-06-03 00:00:00-04:00;43,08;43,17;42,97;43,12;1199600;0,00;0,00;0,00;-0,74%
2021-06-04 00:00:00-04:00;43,30;43,42;43,23;43,41;880200;0,00;0,00;0,00;0,68%
2021-06-07 00:00:00-04:00;43,49;43,60;43,46;43,60;2403400;0,00;0,00;0,00;0,43%
2021-06-08 00:00:00-04:00;43,62;43,62;43,42;43,54;1267300;0,00;0,00;0,00;-0,12%
2021-06-09 00:00:00-04:00;43,56;43,59;43,43;43,46;1216900;0,00;0,00;0,00;-0,20%
2021-06-10 00:00:00-04:00;43,40;43,56;43,34;43,48;1361200;0,00;0,00;0,00;0,06%
2021-06-11 00:00:00-04:00;43,54;43,68;43,44;43,68;1260300;0,00;0,00;0,00;0,45%
2021-06-14 00:00:00-04:00;43,63;43,78;43,57;43,78;968400;0,00;0,00;0,00;0,24%
2021-06-15 00:00:00-04:00;43,79;43,83;43,71;43,83;876500;0,00;0,00;0,00;0,10%
2021-06-16 00:00:00-04:00;43,81;43,85;43,25;43,39;1951600;0,00;0,00;0,00;-0,99%
2021-06-17 00:00:00-04:00;43,14;43,27;42,90;43,12;1451200;0,00;0,00;0,00;-0,63%
2021-06-18 00:00:00-04:00;42,31;42,42;42,06;42,19;3185900;0,00;0,00;0,00;-2,14%
2021-06-21 00:00:00-04:00;42,50;42,80;42,45;42,79;1968100;0,56;0,00;0,00;1,41%
2021-06-22 00:00:00-04:00;42,63;42,93;42,54;42,81;1555100;0,00;0,00;0,00;0,04%
2021-06-23 00:00:00-04:00;42,74;42,76;42,31;42,39;1589600;0,00;0,00;0,00;-0,99%
2021-06-24 00:00:00-04:00;42,82;42,94;42,80;42,90;2564700;0,00;0,00;0,00;1,21%
2021-06-25 00:00:00-04:00;42,88;42,90;42,78;42,88;1201400;0,00;0,00;0,00;-0,04%
2021-06-28 00:00:00-04:00;42,75;42,77;42,47;42,57;1042900;0,00;0,00;0,00;-0,73%
2021-06-29 00:00:00-04:00;42,71;42,74;42,51;42,56;791000;0,00;0,00;0,00;-0,02%
2021-06-30 00:00:00-04:00;42,12;42,29;41,91;42,09;2122400;0,00;0,00;0,00;-1,10%
2021-07-01 00:00:00-04:00;42,15;42,24;42,01;42,20;1331400;0,00;0,00;0,00;0,26%
2021-07-02 00:00:00-04:00;42,19;42,26;42,02;42,24;1613700;0,00;0,00;0,00;0,11%
2021-07-06 00:00:00-04:00;42,08;42,09;41,54;41,70;1626600;0,00;0,00;0,00;-1,28%
2021-07-07 00:00:00-04:00;41,85;42,02;41,70;41,98;3744100;0,00;0,00;0,00;0,67%
2021-07-08 00:00:00-04:00;41,16;41,30;40,94;41,24;2841300;0,00;0,00;0,00;-1,78%
2021-07-09 00:00:00-04:00;41,79;42,14;41,77;42,14;3137900;0,00;0,00;0,00;2,20%
2021-07-12 00:00:00-04:00;42,13;42,38;42,12;42,37;1190300;0,00;0,00;0,00;0,53%
2021-07-13 00:00:00-04:00;42,15;42,21;41,95;42,00;1237800;0,00;0,00;0,00;-0,87%
2021-07-14 00:00:00-04:00;42,23;42,29;42,13;42,23;1601400;0,00;0,00;0,00;0,56%
2021-07-15 00:00:00-04:00;41,74;41,84;41,56;41,75;1665700;0,00;0,00;0,00;-1,15%
2021-07-16 00:00:00-04:00;41,69;41,71;41,28;41,39;1910400;0,00;0,00;0,00;-0,86%
2021-07-19 00:00:00-04:00;40,49;40,54;40,16;40,38;6668800;0,00;0,00;0,00;-2,43%
2021-07-20 00:00:00-04:00;40,26;40,80;40,17;40,74;2686300;0,00;0,00;0,00;0,89%
2021-07-21 00:00:00-04:00;41,13;41,57;41,13;41,52;2875600;0,00;0,00;0,00;1,92%
2021-07-22 00:00:00-04:00;41,80;41,87;41,51;41,64;1390800;0,00;0,00;0,00;0,28%
2021-07-23 00:00:00-04:00;42,05;42,21;42,00;42,07;1684000;0,00;0,00;0,00;1,04%
2021-07-26 00:00:00-04:00;42,12;42,21;42,12;42,16;1231300;0,00;0,00;0,00;0,21%
2021-07-27 00:00:00-04:00;42,01;42,01;41,77;41,99;2893000;0,00;0,00;0,00;-0,41%
2021-07-28 00:00:00-04:00;42,01;42,33;41,95;42,24;1873000;0,00;0,00;0,00;0,60%
2021-07-29 00:00:00-04:00;42,63;42,71;42,55;42,57;1984400;0,00;0,00;0,00;0,77%
2021-07-30 00:00:00-04:00;42,40;42,55;42,21;42,27;2040100;0,00;0,00;0,00;-0,70%
2021-08-02 00:00:00-04:00;42,63;42,69;42,36;42,38;2053200;0,00;0,00;0,00;0,26%
2021-08-03 00:00:00-04:00;42,62;42,67;42,39;42,65;1705900;0,00;0,00;0,00;0,64%
2021-08-04 00:00:00-04:00;42,78;42,87;42,66;42,66;1914600;0,00;0,00;0,00;0,04%
2021-08-05 00:00:00-04:00;42,88;42,94;42,81;42,86;806300;0,00;0,00;0,00;0,46%
2021-08-06 00:00:00-04:00;42,85;42,90;42,72;42,79;1082000;0,00;0,00;0,00;-0,17%
2021-08-09 00:00:00-04:00;42,80;42,82;42,69;42,71;1177500;0,00;0,00;0,00;-0,19%
2021-08-10 00:00:00-04:00;42,75;42,80;42,70;42,77;1549800;0,00;0,00;0,00;0,15%
2021-08-11 00:00:00-04:00;43,02;43,07;42,93;43,04;1386900;0,00;0,00;0,00;0,63%
2021-08-12 00:00:00-04:00;43,19;43,23;43,09;43,17;830200;0,00;0,00;0,00;0,29%
2021-08-13 00:00:00-04:00;43,30;43,46;43,27;43,43;678200;0,00;0,00;0,00;0,60%
2021-08-16 00:00:00-04:00;43,10;43,20;42,93;43,18;1735100;0,00;0,00;0,00;-0,58%
2021-08-17 00:00:00-04:00;42,76;42,84;42,55;42,74;1643600;0,00;0,00;0,00;-1,02%
2021-08-18 00:00:00-04:00;42,59;42,82;42,48;42,49;1487900;0,00;0,00;0,00;-0,57%
2021-08-19 00:00:00-04:00;41,84;42,13;41,84;42,04;2096500;0,00;0,00;0,00;-1,06%
2021-08-20 00:00:00-04:00;42,00;42,30;41,97;42,28;1781700;0,00;0,00;0,00;0,56%
2021-08-23 00:00:00-04:00;42,57;42,77;42,52;42,75;1773400;0,00;0,00;0,00;1,11%
2021-08-24 00:00:00-04:00;42,59;42,77;42,55;42,73;1209100;0,00;0,00;0,00;-0,04%
2021-08-25 00:00:00-04:00;42,73;42,81;42,66;42,77;650700;0,00;0,00;0,00;0,11%
2021-08-26 00:00:00-04:00;42,64;42,73;42,52;42,57;803100;0,00;0,00;0,00;-0,48%
2021-08-27 00:00:00-04:00;42,63;43,08;42,60;43,02;1043000;0,00;0,00;0,00;1,08%
2021-08-30 00:00:00-04:00;43,10;43,13;43,01;43,10;1247700;0,00;0,00;0,00;0,17%
2021-08-31 00:00:00-04:00;43,11;43,12;42,89;43,09;1496900;0,00;0,00;0,00;-0,02%
2021-09-01 00:00:00-04:00;43,41;43,67;43,37;43,50;1188100;0,00;0,00;0,00;0,96%
2021-09-02 00:00:00-04:00;43,65;43,70;43,57;43,66;695400;0,00;0,00;0,00;0,37%
2021-09-03 00:00:00-04:00;43,35;43,49;43,24;43,38;1480700;0,00;0,00;0,00;-0,64%
2021-09-07 00:00:00-04:00;43,55;43,60;43,41;43,44;1063700;0,00;0,00;0,00;0,12%
2021-09-08 00:00:00-04:00;43,12;43,20;42,83;42,95;1543300;0,00;0,00;0,00;-1,12%
2021-09-09 00:00:00-04:00;42,90;43,10;42,81;42,84;1569100;0,00;0,00;0,00;-0,25%
2021-09-10 00:00:00-04:00;43,10;43,15;42,69;42,70;2161500;0,00;0,00;0,00;-0,34%
2021-09-13 00:00:00-04:00;43,13;43,16;42,92;43,10;2261300;0,00;0,00;0,00;0,93%
2021-09-14 00:00:00-04:00;43,25;43,27;42,90;42,96;1188800;0,00;0,00;0,00;-0,31%
2021-09-15 00:00:00-04:00;42,82;42,89;42,59;42,89;1667100;0,00;0,00;0,00;-0,17%
2021-09-16 00:00:00-04:00;42,80;42,95;42,62;42,92;1348700;0,00;0,00;0,00;0,06%
2021-09-17 00:00:00-04:00;42,71;42,76;41,99;42,20;4184800;0,00;0,00;0,00;-1,68%
2021-09-20 00:00:00-04:00;41,13;41,37;40,89;41,25;3878500;0,06;0,00;0,00;-2,25%
2021-09-21 00:00:00-04:00;41,83;42,03;41,70;41,79;5584000;0,00;0,00;0,00;1,31%
2021-09-22 00:00:00-04:00;42,31;42,70;42,28;42,31;3480800;0,00;0,00;0,00;1,25%
2021-09-23 00:00:00-04:00;42,71;43,01;42,71;42,91;2713500;0,00;0,00;0,00;1,43%
2021-09-24 00:00:00-04:00;42,40;42,56;42,37;42,47;1242900;0,00;0,00;0,00;-1,03%
2021-09-27 00:00:00-04:00;42,45;42,57;42,36;42,49;1498900;0,00;0,00;0,00;0,04%
2021-09-28 00:00:00-04:00;41,79;41,80;41,21;41,40;8727200;0,00;0,00;0,00;-2,56%
2021-09-29 00:00:00-04:00;41,50;41,50;41,14;41,18;2481900;0,00;0,00;0,00;-0,54%
2021-09-30 00:00:00-04:00;41,11;41,15;40,62;40,76;4720300;0,00;0,00;0,00;-1,01%
2021-10-01 00:00:00-04:00;40,95;41,10;40,60;40,98;3520000;0,00;0,00;0,00;0,53%
2021-10-04 00:00:00-04:00;40,91;40,95;40,44;40,62;3456700;0,00;0,00;0,00;-0,88%
2021-10-05 00:00:00-04:00;40,75;41,18;40,69;41,00;1934400;0,00;0,00;0,00;0,95%
2021-10-06 00:00:00-04:00;40,33;40,73;40,22;40,72;2980400;0,00;0,00;0,00;-0,70%
2021-10-07 00:00:00-04:00;41,03;41,35;41,03;41,18;1446400;0,00;0,00;0,00;1,13%
2021-10-08 00:00:00-04:00;41,28;41,30;40,98;41,07;4186400;0,00;0,00;0,00;-0,26%
2021-10-11 00:00:00-04:00;40,96;41,16;40,79;40,81;1192100;0,00;0,00;0,00;-0,64%
2021-10-12 00:00:00-04:00;40,82;40,91;40,68;40,78;1435000;0,00;0,00;0,00;-0,07%
2021-10-13 00:00:00-04:00;41,15;41,43;41,05;41,39;1567000;0,00;0,00;0,00;1,50%
2021-10-14 00:00:00-04:00;41,91;42,08;41,84;42,04;1139200;0,00;0,00;0,00;1,57%
2021-10-15 00:00:00-04:00;42,24;42,36;42,16;42,36;982800;0,00;0,00;0,00;0,77%
2021-10-18 00:00:00-04:00;41,93;42,11;41,83;42,09;1507900;0,00;0,00;0,00;-0,64%
2021-10-19 00:00:00-04:00;42,22;42,34;42,18;42,26;1055400;0,00;0,00;0,00;0,41%
2021-10-20 00:00:00-04:00;42,34;42,47;42,26;42,43;1613200;0,00;0,00;0,00;0,38%
2021-10-21 00:00:00-04:00;42,22;42,33;42,18;42,30;1843200;0,00;0,00;0,00;-0,30%
2021-10-22 00:00:00-04:00;42,54;42,71;42,44;42,62;1497600;0,00;0,00;0,00;0,77%
2021-10-25 00:00:00-04:00;42,52;42,53;42,38;42,44;1162500;0,00;0,00;0,00;-0,44%
2021-10-26 00:00:00-04:00;42,83;42,84;42,59;42,70;1469000;0,00;0,00;0,00;0,62%
2021-10-27 00:00:00-04:00;42,76;42,88;42,59;42,60;1021000;0,00;0,00;0,00;-0,23%
2021-10-28 00:00:00-04:00;42,86;43,19;42,86;43,12;2428800;0,00;0,00;0,00;1,23%
2021-10-29 00:00:00-04:00;42,78;43,03;42,76;42,98;2266700;0,00;0,00;0,00;-0,33%
2021-11-01 00:00:00-04:00;43,14;43,43;43,04;43,40;1624600;0,00;0,00;0,00;0,98%
2021-11-02 00:00:00-04:00;43,38;43,50;43,34;43,43;1857100;0,00;0,00;0,00;0,08%
2021-11-03 00:00:00-04:00;43,47;43,93;43,41;43,87;1679600;0,00;0,00;0,00;0,99%
2021-11-04 00:00:00-04:00;43,78;43,80;43,56;43,79;1306800;0,00;0,00;0,00;-0,18%
2021-11-05 00:00:00-04:00;44,03;44,10;43,87;44,10;1550500;0,00;0,00;0,00;0,72%
2021-11-08 00:00:00-05:00;44,06;44,23;44,00;44,06;971500;0,00;0,00;0,00;-0,08%
2021-11-09 00:00:00-05:00;44,20;44,23;43,91;44,06;1637200;0,00;0,00;0,00;-0,02%
2021-11-10 00:00:00-05:00;43,84;43,96;43,38;43,43;1763400;0,00;0,00;0,00;-1,43%
2021-11-11 00:00:00-05:00;43,63;43,69;43,52;43,56;610400;0,00;0,00;0,00;0,31%
2021-11-12 00:00:00-05:00;43,67;43,74;43,59;43,68;2756000;0,00;0,00;0,00;0,27%
2021-11-15 00:00:00-05:00;43,72;43,72;43,41;43,45;1138700;0,00;0,00;0,00;-0,52%
2021-11-16 00:00:00-05:00;43,54;43,61;43,44;43,45;3254900;0,00;0,00;0,00;0,00%
2021-11-17 00:00:00-05:00;43,46;43,55;43,40;43,46;1597800;0,00;0,00;0,00;0,02%
2021-11-18 00:00:00-05:00;43,49;43,58;43,34;43,58;833500;0,00;0,00;0,00;0,27%
2021-11-19 00:00:00-05:00;43,04;43,08;42,81;42,88;1709800;0,00;0,00;0,00;-1,61%
2021-11-22 00:00:00-05:00;42,71;42,85;42,40;42,40;2487700;0,00;0,00;0,00;-1,11%
2021-11-23 00:00:00-05:00;42,32;42,49;42,01;42,29;1936000;0,00;0,00;0,00;-0,25%
2021-11-24 00:00:00-05:00;41,50;41,96;41,45;41,92;1368100;0,00;0,00;0,00;-0,87%
2021-11-26 00:00:00-05:00;40,82;40,91;40,28;40,48;3085700;0,00;0,00;0,00;-3,43%
2021-11-29 00:00:00-05:00;40,81;40,85;40,31;40,62;2499300;0,00;0,00;0,00;0,33%
2021-11-30 00:00:00-05:00;40,61;40,80;39,83;40,29;6380800;0,00;0,00;0,00;-0,80%
2021-12-01 00:00:00-05:00;41,12;41,45;40,32;40,32;5545000;0,00;0,00;0,00;0,07%
2021-12-02 00:00:00-05:00;40,59;40,88;40,53;40,74;5090500;0,00;0,00;0,00;1,05%
2021-12-03 00:00:00-05:00;40,73;40,76;40,01;40,33;4260400;0,00;0,00;0,00;-1,02%
2021-12-06 00:00:00-05:00;40,73;40,93;40,51;40,86;3794300;0,00;0,00;0,00;1,32%
2021-12-07 00:00:00-05:00;41,62;42,08;41,58;42,05;3270200;0,00;0,00;0,00;2,91%
2021-12-08 00:00:00-05:00;42,01;42,08;41,86;42,01;2003100;0,00;0,00;0,00;-0,09%
2021-12-09 00:00:00-05:00;41,61;41,63;41,35;41,39;2307600;0,00;0,00;0,00;-1,48%
2021-12-10 00:00:00-05:00;41,52;41,61;41,36;41,58;1216500;0,00;0,00;0,00;0,46%
2021-12-13 00:00:00-05:00;41,45;41,52;41,14;41,18;3284800;0,00;0,00;0,00;-0,97%
2021-12-14 00:00:00-05:00;41,00;41,19;40,72;40,93;2389000;0,00;0,00;0,00;-0,59%
2021-12-15 00:00:00-05:00;40,99;41,56;40,80;41,54;4203100;0,00;0,00;0,00;1,47%
2021-12-16 00:00:00-05:00;41,81;41,82;41,23;41,42;5559600;0,00;0,00;0,00;-0,28%
2021-12-17 00:00:00-05:00;40,99;41,06;40,65;40,68;3205400;0,00;0,00;0,00;-1,78%
2021-12-20 00:00:00-05:00;40,52;40,76;40,44;40,73;2886300;0,57;0,00;0,00;0,12%
2021-12-21 00:00:00-05:00;41,02;41,37;40,96;41,33;1415300;0,00;0,00;0,00;1,48%
2021-12-22 00:00:00-05:00;41,30;41,90;41,24;41,89;1270400;0,00;0,00;0,00;1,35%
2021-12-23 00:00:00-05:00;41,93;42,32;41,86;42,20;1103700;0,00;0,00;0,00;0,76%
2021-12-27 00:00:00-05:00;42,23;42,61;42,23;42,60;1511000;0,00;0,00;0,00;0,93%
2021-12-28 00:00:00-05:00;42,54;42,68;42,48;42,55;1531500;0,00;0,00;0,00;-0,11%
2021-12-29 00:00:00-05:00;42,42;42,57;42,36;42,52;1587400;0,00;0,00;0,00;-0,06%
2021-12-30 00:00:00-05:00;42,56;42,62;42,42;42,45;1997700;0,00;0,00;0,00;-0,17%
2021-12-31 00:00:00-05:00;42,57;42,67;42,39;42,53;1927300;0,00;0,00;0,00;0,19%
2022-01-03 00:00:00-05:00;42,89;42,96;42,68;42,91;2210100;0,00;0,00;0,00;0,88%
2022-01-04 00:00:00-05:00;43,25;43,26;42,92;43,06;1675200;0,00;0,00;0,00;0,36%
2022-01-05 00:00:00-05:00;43,43;43,54;42,85;42,85;2563500;0,00;0,00;0,00;-0,49%
2022-01-06 00:00:00-05:00;42,81;42,96;42,55;42,67;2521500;0,00;0,00;0,00;-0,43%
2022-01-07 00:00:00-05:00;42,66;42,86;42,42;42,77;1861800;0,00;0,00;0,00;0,23%
2022-01-10 00:00:00-05:00;42,19;42,35;41,88;42,34;2762100;0,00;0,00;0,00;-1,00%
2022-01-11 00:00:00-05:00;42,30;42,80;42,18;42,74;4306200;0,00;0,00;0,00;0,95%
2022-01-12 00:00:00-05:00;43,01;43,26;42,97;43,19;2540300;0,00;0,00;0,00;1,05%
2022-01-13 00:00:00-05:00;43,37;43,41;42,74;42,83;1712900;0,00;0,00;0,00;-0,82%
2022-01-14 00:00:00-05:00;42,67;42,91;42,51;42,84;1925400;0,00;0,00;0,00;0,02%
2022-01-18 00:00:00-05:00;42,40;42,50;42,06;42,19;5147700;0,00;0,00;0,00;-1,53%
2022-01-19 00:00:00-05:00;42,67;42,74;42,20;42,24;2106200;0,00;0,00;0,00;0,13%
2022-01-20 00:00:00-05:00;42,44;42,70;42,03;42,05;2457500;0,00;0,00;0,00;-0,45%
2022-01-21 00:00:00-05:00;41,88;42,00;41,48;41,52;3460900;0,00;0,00;0,00;-1,26%
2022-01-24 00:00:00-05:00;40,49;40,99;39,64;40,98;5339000;0,00;0,00;0,00;-1,30%
2022-01-25 00:00:00-05:00;40,28;40,86;39,89;40,53;3281300;0,00;0,00;0,00;-1,11%
2022-01-26 00:00:00-05:00;41,28;41,51;40,42;40,71;3396500;0,00;0,00;0,00;0,45%
2022-01-27 00:00:00-05:00;40,93;41,09;40,43;40,56;2247200;0,00;0,00;0,00;-0,36%
2022-01-28 00:00:00-05:00;40,25;40,74;39,95;40,74;2939700;0,00;0,00;0,00;0,43%
2022-01-31 00:00:00-05:00;40,58;41,40;40,56;41,32;2345400;0,00;0,00;0,00;1,43%
2022-02-01 00:00:00-05:00;41,75;41,83;41,41;41,80;1681800;0,00;0,00;0,00;1,17%
2022-02-02 00:00:00-05:00;42,04;42,07;41,70;41,93;1229700;0,00;0,00;0,00;0,31%
2022-02-03 00:00:00-05:00;41,49;41,63;41,18;41,26;3294400;0,00;0,00;0,00;-1,61%
2022-02-04 00:00:00-05:00;40,96;41,39;40,82;41,19;3951400;0,00;0,00;0,00;-0,15%
2022-02-07 00:00:00-05:00;41,14;41,44;41,09;41,22;1763900;0,00;0,00;0,00;0,07%
2022-02-08 00:00:00-05:00;41,10;41,50;40,98;41,45;1965000;0,00;0,00;0,00;0,55%
2022-02-09 00:00:00-05:00;42,10;42,23;42,01;42,16;3116300;0,00;0,00;0,00;1,72%
2022-02-10 00:00:00-05:00;41,58;42,36;41,56;41,68;3782100;0,00;0,00;0,00;-1,12%
2022-02-11 00:00:00-05:00;41,55;41,71;40,37;40,55;6809900;0,00;0,00;0,00;-2,71%
2022-02-14 00:00:00-05:00;40,25;40,35;39,74;40,12;4103200;0,00;0,00;0,00;-1,08%
2022-02-15 00:00:00-05:00;40,95;41,28;40,91;41,23;2820500;0,00;0,00;0,00;2,77%
2022-02-16 00:00:00-05:00;41,04;41,51;40,98;41,39;1555700;0,00;0,00;0,00;0,40%
2022-02-17 00:00:00-05:00;40,98;41,01;40,58;40,60;2906700;0,00;0,00;0,00;-1,92%
2022-02-18 00:00:00-05:00;40,57;40,73;40,18;40,42;3623000;0,00;0,00;0,00;-0,45%
2022-02-22 00:00:00-05:00;39,55;39,91;39,02;39,44;5122300;0,00;0,00;0,00;-2,41%
2022-02-23 00:00:00-05:00;40,03;40,04;38,93;39,06;3293300;0,00;0,00;0,00;-0,97%
2022-02-24 00:00:00-05:00;37,03;38,48;36,95;38,34;11046100;0,00;0,00;0,00;-1,84%
2022-02-25 00:00:00-05:00;38,69;39,43;38,63;39,37;4087100;0,00;0,00;0,00;2,69%
2022-02-28 00:00:00-05:00;37,88;38,72;37,72;38,05;5571900;0,00;0,00;0,00;-3,36%
2022-03-01 00:00:00-05:00;37,57;37,64;36,08;36,48;5316000;0,00;0,00;0,00;-4,12%
2022-03-02 00:00:00-05:00;36,92;37,42;36,76;37,22;5478200;0,00;0,00;0,00;2,02%
2022-03-03 00:00:00-05:00;37,16;37,16;35,95;36,16;5799100;0,00;0,00;0,00;-2,84%
2022-03-04 00:00:00-05:00;34,60;34,67;33,77;34,27;7842400;0,00;0,00;0,00;-5,22%
2022-03-07 00:00:00-05:00;34,34;34,44;32,65;33,00;8916100;0,00;0,00;0,00;-3,72%
2022-03-08 00:00:00-05:00;33,84;34,97;33,18;33,96;13585500;0,00;0,00;0,00;2,93%
2022-03-09 00:00:00-05:00;35,93;36,95;35,59;36,34;10214700;0,00;0,00;0,00;7,00%
2022-03-10 00:00:00-05:00;35,19;35,72;35,07;35,26;6629600;0,00;0,00;0,00;-2,98%
2022-03-11 00:00:00-05:00;35,98;36,04;34,90;34,96;4602200;0,00;0,00;0,00;-0,85%
2022-03-14 00:00:00-04:00;35,91;36,22;35,58;35,71;5443900;0,00;0,00;0,00;2,14%
2022-03-15 00:00:00-04:00;35,88;36,12;35,58;36,05;8718500;0,00;0,00;0,00;0,97%
2022-03-16 00:00:00-04:00;37,03;37,95;36,77;37,77;9706200;0,00;0,00;0,00;4,78%
2022-03-17 00:00:00-04:00;37,31;38,01;37,21;37,82;5884900;0,00;0,00;0,00;0,12%
2022-03-18 00:00:00-04:00;37,11;38,01;37,00;37,95;3679200;0,00;0,00;0,00;0,34%
2022-03-21 00:00:00-04:00;37,68;37,75;37,13;37,42;3856000;0,10;0,00;0,00;-1,38%
2022-03-22 00:00:00-04:00;37,81;38,03;37,73;37,97;4976200;0,00;0,00;0,00;1,46%
2022-03-23 00:00:00-04:00;37,15;37,34;37,00;37,10;4214200;0,00;0,00;0,00;-2,31%
2022-03-24 00:00:00-04:00;37,11;37,46;36,97;37,42;2979100;0,00;0,00;0,00;0,89%
2022-03-25 00:00:00-04:00;37,56;37,64;37,11;37,46;2446900;0,00;0,00;0,00;0,10%
2022-03-28 00:00:00-04:00;37,55;37,82;37,29;37,75;2863800;0,00;0,00;0,00;0,78%
2022-03-29 00:00:00-04:00;39,13;39,29;38,58;39,00;4157200;0,00;0,00;0,00;3,29%
2022-03-30 00:00:00-04:00;38,73;38,80;38,45;38,59;2642400;0,00;0,00;0,00;-1,03%
2022-03-31 00:00:00-04:00;38,16;38,32;37,59;37,60;4173700;0,00;0,00;0,00;-2,58%
2022-04-01 00:00:00-04:00;38,01;38,06;37,70;38,04;2873100;0,00;0,00;0,00;1,17%
2022-04-04 00:00:00-04:00;37,82;38,16;37,74;38,10;2129100;0,00;0,00;0,00;0,17%
2022-04-05 00:00:00-04:00;37,61;37,74;37,16;37,30;3234600;0,00;0,00;0,00;-2,11%
2022-04-06 00:00:00-04:00;36,56;36,73;36,25;36,55;5917900;0,00;0,00;0,00;-2,01%
2022-04-07 00:00:00-04:00;36,69;36,80;36,19;36,58;5308200;0,00;0,00;0,00;0,07%
2022-04-08 00:00:00-04:00;36,44;36,83;36,38;36,58;3311500;0,00;0,00;0,00;0,02%
2022-04-11 00:00:00-04:00;36,68;36,85;36,31;36,34;6236000;0,00;0,00;0,00;-0,67%
2022-04-12 00:00:00-04:00;36,56;36,69;35,99;36,10;5651800;0,00;0,00;0,00;-0,65%
2022-04-13 00:00:00-04:00;35,97;36,55;35,97;36,52;2914000;0,00;0,00;0,00;1,16%
2022-04-14 00:00:00-04:00;36,53;36,61;36,23;36,31;5442200;0,00;0,00;0,00;-0,58%
2022-04-18 00:00:00-04:00;36,20;36,55;36,17;36,26;3339500;0,00;0,00;0,00;-0,13%
2022-04-19 00:00:00-04:00;36,06;36,54;36,02;36,52;3118400;0,00;0,00;0,00;0,71%
2022-04-20 00:00:00-04:00;37,02;37,17;36,87;37,05;3749100;0,00;0,00;0,00;1,45%
2022-04-21 00:00:00-04:00;37,73;37,82;36,66;36,70;4091300;0,00;0,00;0,00;-0,94%
2022-04-22 00:00:00-04:00;36,70;36,71;36,05;36,13;5116200;0,00;0,00;0,00;-1,57%
2022-04-25 00:00:00-04:00;35,64;35,82;35,22;35,77;5567400;0,00;0,00;0,00;-0,99%
2022-04-26 00:00:00-04:00;35,49;35,51;34,49;34,54;8220600;0,00;0,00;0,00;-3,45%
2022-04-27 00:00:00-04:00;34,49;34,85;34,21;34,55;5324400;0,00;0,00;0,00;0,03%
2022-04-28 00:00:00-04:00;34,85;35,31;34,44;35,21;5755500;0,00;0,00;0,00;1,93%
2022-04-29 00:00:00-04:00;35,24;35,52;34,67;34,68;5522400;0,00;0,00;0,00;-1,50%
2022-05-02 00:00:00-04:00;34,61;34,95;34,25;34,67;6625700;0,00;0,00;0,00;-0,03%
2022-05-03 00:00:00-04:00;34,89;35,07;34,77;34,95;4793000;0,00;0,00;0,00;0,79%
2022-05-04 00:00:00-04:00;35,05;35,80;34,66;35,71;8440700;0,00;0,00;0,00;2,17%
2022-05-05 00:00:00-04:00;35,17;35,17;34,08;34,48;6648100;0,00;0,00;0,00;-3,43%
2022-05-06 00:00:00-04:00;34,14;34,30;33,77;33,98;7741300;0,00;0,00;0,00;-1,46%
2022-05-09 00:00:00-04:00;33,40;33,55;32,94;33,04;10125500;0,00;0,00;0,00;-2,77%
2022-05-10 00:00:00-04:00;33,83;33,90;33,12;33,40;7865700;0,00;0,00;0,00;1,08%
2022-05-11 00:00:00-04:00;33,71;34,29;33,34;33,35;7170800;0,00;0,00;0,00;-0,14%
2022-05-12 00:00:00-04:00;33,04;33,71;32,90;33,29;7630200;0,00;0,00;0,00;-0,19%
2022-05-13 00:00:00-04:00;33,79;34,40;33,76;34,31;7188400;0,00;0,00;0,00;3,07%
2022-05-16 00:00:00-04:00;34,07;34,48;33,85;34,27;7166200;0,00;0,00;0,00;-0,11%
2022-05-17 00:00:00-04:00;35,10;35,29;34,84;35,26;8323300;0,00;0,00;0,00;2,88%
2022-05-18 00:00:00-04:00;34,73;34,80;34,03;34,04;6899500;0,00;0,00;0,00;-3,45%
2022-05-19 00:00:00-04:00;33,90;34,64;33,89;34,40;4979700;0,00;0,00;0,00;1,05%
2022-05-20 00:00:00-04:00;34,81;34,83;33,98;34,46;9010000;0,00;0,00;0,00;0,16%
2022-05-23 00:00:00-04:00;34,95;35,41;34,84;35,34;3910700;0,00;0,00;0,00;2,57%
2022-05-24 00:00:00-04:00;35,19;35,31;34,88;35,16;1825400;0,00;0,00;0,00;-0,52%
2022-05-25 00:00:00-04:00;34,84;35,41;34,78;35,25;1385900;0,00;0,00;0,00;0,26%
2022-05-26 00:00:00-04:00;35,40;35,96;35,38;35,92;1856300;0,00;0,00;0,00;1,89%
2022-05-27 00:00:00-04:00;36,23;36,60;36,19;36,60;1643100;0,00;0,00;0,00;1,91%
2022-05-31 00:00:00-04:00;36,36;36,58;36,14;36,41;1584800;0,00;0,00;0,00;-0,52%
2022-06-01 00:00:00-04:00;36,46;36,48;35,62;35,81;1044400;0,00;0,00;0,00;-1,66%
2022-06-02 00:00:00-04:00;36,23;36,79;36,10;36,79;1560600;0,00;0,00;0,00;2,73%
2022-06-03 00:00:00-04:00;36,34;36,42;36,16;36,26;857300;0,00;0,00;0,00;-1,42%
2022-06-06 00:00:00-04:00;36,82;36,93;36,47;36,56;929000;0,00;0,00;0,00;0,81%
2022-06-07 00:00:00-04:00;36,08;36,60;36,06;36,59;1147800;0,00;0,00;0,00;0,10%
2022-06-08 00:00:00-04:00;36,26;36,38;35,99;36,06;808600;0,00;0,00;0,00;-1,45%
2022-06-09 00:00:00-04:00;35,62;35,76;35,00;35,00;1986200;0,00;0,00;0,00;-2,94%
2022-06-10 00:00:00-04:00;34,17;34,21;33,77;33,87;4206700;0,00;0,00;0,00;-3,24%
2022-06-13 00:00:00-04:00;32,81;33,07;32,55;32,63;4854600;0,00;0,00;0,00;-3,67%
2022-06-14 00:00:00-04:00;32,71;32,86;32,09;32,33;4062900;0,00;0,00;0,00;-0,92%
2022-06-15 00:00:00-04:00;32,93;33,36;32,45;33,12;4497300;0,00;0,00;0,00;2,46%
2022-06-16 00:00:00-04:00;32,13;32,52;32,01;32,18;3236300;0,00;0,00;0,00;-2,84%
2022-06-17 00:00:00-04:00;32,34;32,52;32,01;32,34;5967400;0,00;0,00;0,00;0,51%
2022-06-21 00:00:00-04:00;32,92;33,08;32,79;32,83;2103200;0,75;0,00;0,00;1,50%
2022-06-22 00:00:00-04:00;32,44;32,98;32,36;32,64;1885600;0,00;0,00;0,00;-0,57%
2022-06-23 00:00:00-04:00;32,43;32,53;32,07;32,51;5356300;0,00;0,00;0,00;-0,40%
2022-06-24 00:00:00-04:00;32,91;33,66;32,91;33,61;2909800;0,00;0,00;0,00;3,36%
2022-06-27 00:00:00-04:00;33,54;33,65;33,29;33,32;1859200;0,00;0,00;0,00;-0,86%
2022-06-28 00:00:00-04:00;33,58;33,72;33,00;33,01;2172800;0,00;0,00;0,00;-0,92%
2022-06-29 00:00:00-04:00;33,05;33,08;32,70;32,73;2639500;0,00;0,00;0,00;-0,85%
2022-06-30 00:00:00-04:00;31,97;32,58;31,78;32,48;2520700;0,00;0,00;0,00;-0,77%
2022-07-01 00:00:00-04:00;32,00;32,46;31,79;32,43;2233400;0,00;0,00;0,00;-0,14%
2022-07-05 00:00:00-04:00;30,89;31,31;30,73;31,30;3285800;0,00;0,00;0,00;-3,48%
2022-07-06 00:00:00-04:00;31,21;31,41;31,03;31,32;2146700;0,00;0,00;0,00;0,06%
2022-07-07 00:00:00-04:00;31,61;31,84;31,61;31,79;1398400;0,00;0,00;0,00;1,52%
2022-07-08 00:00:00-04:00;31,69;31,96;31,48;31,79;947100;0,00;0,00;0,00;0,00%
2022-07-11 00:00:00-04:00;31,37;31,44;31,12;31,16;2150800;0,00;0,00;0,00;-2,00%
2022-07-12 00:00:00-04:00;31,05;31,48;31,01;31,09;4812900;0,00;0,00;0,00;-0,24%
2022-07-13 00:00:00-04:00;30,65;31,33;30,61;31,16;2689400;0,00;0,00;0,00;0,24%
2022-07-14 00:00:00-04:00;30,37;30,67;30,05;30,67;4050500;0,00;0,00;0,00;-1,59%
2022-07-15 00:00:00-04:00;31,01;31,41;30,82;31,36;2986800;0,00;0,00;0,00;2,25%
2022-07-18 00:00:00-04:00;31,87;32,00;31,48;31,54;2752200;0,00;0,00;0,00;0,60%
2022-07-19 00:00:00-04:00;32,38;32,92;32,36;32,84;5731200;0,00;0,00;0,00;4,11%
2022-07-20 00:00:00-04:00;32,60;32,80;32,25;32,46;5909300;0,00;0,00;0,00;-1,17%
2022-07-21 00:00:00-04:00;32,46;32,90;32,34;32,86;3125500;0,00;0,00;0,00;1,24%
2022-07-22 00:00:00-04:00;32,95;33,16;32,51;32,66;2335700;0,00;0,00;0,00;-0,60%
2022-07-25 00:00:00-04:00;33,00;33,08;32,74;32,96;2026000;0,00;0,00;0,00;0,91%
2022-07-26 00:00:00-04:00;32,45;32,50;32,17;32,19;2582200;0,00;0,00;0,00;-2,35%
2022-07-27 00:00:00-04:00;32,62;33,22;32,50;33,16;4489600;0,00;0,00;0,00;3,02%
2022-07-28 00:00:00-04:00;33,00;33,48;32,77;33,46;3316500;0,00;0,00;0,00;0,90%
2022-07-29 00:00:00-04:00;33,61;34,10;33,53;34,06;2699500;0,00;0,00;0,00;1,81%
2022-08-01 00:00:00-04:00;33,98;34,21;33,81;34,02;1413500;0,00;0,00;0,00;-0,14%
2022-08-02 00:00:00-04:00;33,69;33,77;33,40;33,40;1909600;0,00;0,00;0,00;-1,81%
2022-08-03 00:00:00-04:00;33,76;34,06;33,59;34,01;2054500;0,00;0,00;0,00;1,82%
2022-08-04 00:00:00-04:00;34,14;34,40;34,12;34,35;1138200;0,00;0,00;0,00;1,02%
2022-08-05 00:00:00-04:00;33,85;34,11;33,76;34,05;1523800;0,00;0,00;0,00;-0,87%
2022-08-08 00:00:00-04:00;34,33;34,49;34,06;34,15;1294900;0,00;0,00;0,00;0,27%
2022-08-09 00:00:00-04:00;34,15;34,19;33,83;33,88;999500;0,00;0,00;0,00;-0,79%
2022-08-10 00:00:00-04:00;34,60;34,80;34,46;34,63;1248400;0,00;0,00;0,00;2,23%
2022-08-11 00:00:00-04:00;34,72;34,84;34,51;34,58;1606600;0,00;0,00;0,00;-0,16%
2022-08-12 00:00:00-04:00;34,62;34,93;34,55;34,92;1059600;0,00;0,00;0,00;1,00%
2022-08-15 00:00:00-04:00;34,49;34,63;34,40;34,60;1406800;0,00;0,00;0,00;-0,91%
2022-08-16 00:00:00-04:00;34,54;34,89;34,51;34,80;1724000;0,00;0,00;0,00;0,57%
2022-08-17 00:00:00-04:00;34,34;34,59;34,17;34,39;1358800;0,00;0,00;0,00;-1,18%
2022-08-18 00:00:00-04:00;34,24;34,33;34,10;34,21;1447400;0,00;0,00;0,00;-0,52%
2022-08-19 00:00:00-04:00;33,83;33,87;33,48;33,55;2494800;0,00;0,00;0,00;-1,94%
2022-08-22 00:00:00-04:00;32,83;32,83;32,45;32,52;2344200;0,00;0,00;0,00;-3,06%
2022-08-23 00:00:00-04:00;32,55;32,93;32,52;32,62;2600700;0,00;0,00;0,00;0,29%
2022-08-24 00:00:00-04:00;32,53;32,88;32,47;32,70;1552000;0,00;0,00;0,00;0,26%
2022-08-25 00:00:00-04:00;32,76;33,09;32,67;33,09;1156900;0,00;0,00;0,00;1,20%
2022-08-26 00:00:00-04:00;33,16;33,17;31,90;31,91;3204900;0,00;0,00;0,00;-3,58%
2022-08-29 00:00:00-04:00;31,94;32,19;31,86;32,02;1675400;0,00;0,00;0,00;0,35%
2022-08-30 00:00:00-04:00;32,37;32,39;31,74;31,86;2978800;0,00;0,00;0,00;-0,50%
2022-08-31 00:00:00-04:00;31,90;32,00;31,54;31,59;2613100;0,00;0,00;0,00;-0,85%
2022-09-01 00:00:00-04:00;31,02;31,14;30,66;31,11;5702400;0,00;0,00;0,00;-1,51%
2022-09-02 00:00:00-04:00;31,63;31,92;30,71;30,86;4765800;0,00;0,00;0,00;-0,81%
2022-09-06 00:00:00-04:00;31,09;31,25;30,72;30,86;3308500;0,00;0,00;0,00;0,00%
2022-09-07 00:00:00-04:00;30,87;31,60;30,84;31,58;2304300;0,00;0,00;0,00;2,33%
2022-09-08 00:00:00-04:00;30,92;31,46;30,82;31,39;3806100;0,00;0,00;0,00;-0,59%
2022-09-09 00:00:00-04:00;32,05;32,30;32,03;32,29;3118000;0,00;0,00;0,00;2,85%
2022-09-12 00:00:00-04:00;32,99;33,22;32,92;33,06;2518900;0,00;0,00;0,00;2,40%
2022-09-13 00:00:00-04:00;32,32;32,59;31,78;31,80;9347000;0,00;0,00;0,00;-3,81%
2022-09-14 00:00:00-04:00;31,89;32,14;31,73;32,03;1679300;0,00;0,00;0,00;0,70%
2022-09-15 00:00:00-04:00;31,66;32,05;31,62;31,68;3192000;0,00;0,00;0,00;-1,08%
2022-09-16 00:00:00-04:00;31,28;31,63;31,23;31,54;3039600;0,00;0,00;0,00;-0,44%
2022-09-19 00:00:00-04:00;31,09;31,69;31,09;31,65;2803700;0,17;0,00;0,00;0,35%
2022-09-20 00:00:00-04:00;31,05;31,21;30,71;31,00;3232600;0,00;0,00;0,00;-2,07%
2022-09-21 00:00:00-04:00;30,98;31,33;30,53;30,54;2517400;0,00;0,00;0,00;-1,48%
2022-09-22 00:00:00-04:00;30,67;30,74;30,25;30,42;2383700;0,00;0,00;0,00;-0,37%
2022-09-23 00:00:00-04:00;29,55;29,61;29,00;29,25;3473800;0,00;0,00;0,00;-3,85%
2022-09-26 00:00:00-04:00;29,10;29,36;28,73;28,86;2618600;0,00;0,00;0,00;-1,35%
2022-09-27 00:00:00-04:00;29,07;29,22;28,38;28,64;2095500;0,00;0,00;0,00;-0,75%
2022-09-28 00:00:00-04:00;28,57;29,48;28,46;29,37;2564100;0,00;0,00;0,00;2,55%
2022-09-29 00:00:00-04:00;28,76;29,00;28,41;28,98;1936200;0,00;0,00;0,00;-1,34%
2022-09-30 00:00:00-04:00;28,82;29,34;28,76;28,86;2492200;0,00;0,00;0,00;-0,42%
2022-10-03 00:00:00-04:00;29,23;29,68;29,05;29,54;2153500;0,00;0,00;0,00;2,37%
2022-10-04 00:00:00-04:00;30,70;31,29;30,70;31,26;2897300;0,00;0,00;0,00;5,81%
2022-10-05 00:00:00-04:00;30,57;31,01;30,33;30,83;2219200;0,00;0,00;0,00;-1,38%
2022-10-06 00:00:00-04:00;30,38;30,56;30,11;30,13;3475000;0,00;0,00;0,00;-2,25%
2022-10-07 00:00:00-04:00;29,85;29,92;29,32;29,43;3115800;0,00;0,00;0,00;-2,34%
2022-10-10 00:00:00-04:00;29,49;29,59;29,06;29,30;4346200;0,00;0,00;0,00;-0,45%
2022-10-11 00:00:00-04:00;29,11;29,50;28,87;28,99;4351500;0,00;0,00;0,00;-1,06%
2022-10-12 00:00:00-04:00;29,02;29,19;28,90;28,98;1771900;0,00;0,00;0,00;-0,03%
2022-10-13 00:00:00-04:00;28,40;30,00;28,27;29,86;5921700;0,00;0,00;0,00;3,04%
2022-10-14 00:00:00-04:00;30,15;30,30;29,35;29,36;1763500;0,00;0,00;0,00;-1,67%
2022-10-17 00:00:00-04:00;30,24;30,50;30,24;30,37;2873700;0,00;0,00;0,00;3,42%
2022-10-18 00:00:00-04:00;31,13;31,17;30,52;30,79;2487900;0,00;0,00;0,00;1,39%
2022-10-19 00:00:00-04:00;30,52;30,71;30,23;30,46;1879500;0,00;0,00;0,00;-1,07%
2022-10-20 00:00:00-04:00;30,54;30,94;30,39;30,50;1560600;0,00;0,00;0,00;0,12%
2022-10-21 00:00:00-04:00;30,30;31,15;30,20;31,12;3392000;0,00;0,00;0,00;2,03%
2022-10-24 00:00:00-04:00;31,25;31,55;31,06;31,36;2443500;0,00;0,00;0,00;0,78%
2022-10-25 00:00:00-04:00;31,52;32,18;31,48;32,17;2563300;0,00;0,00;0,00;2,57%
2022-10-26 00:00:00-04:00;32,13;32,71;32,09;32,48;2160500;0,00;0,00;0,00;0,96%
2022-10-27 00:00:00-04:00;32,37;32,67;32,12;32,17;3844000;0,00;0,00;0,00;-0,95%
2022-10-28 00:00:00-04:00;32,20;32,65;32,07;32,65;4656800;0,00;0,00;0,00;1,49%
2022-10-31 00:00:00-04:00;32,19;32,29;32,04;32,15;3086500;0,00;0,00;0,00;-1,52%
2022-11-01 00:00:00-04:00;32,83;32,85;32,26;32,43;3027000;0,00;0,00;0,00;0,88%
2022-11-02 00:00:00-04:00;32,36;32,72;31,65;31,66;3314800;0,00;0,00;0,00;-2,37%
2022-11-03 00:00:00-04:00;31,25;31,62;31,22;31,38;3039000;0,00;0,00;0,00;-0,89%
2022-11-04 00:00:00-04:00;32,68;33,16;32,48;33,07;6203800;0,00;0,00;0,00;5,38%
2022-11-07 00:00:00-05:00;33,30;33,50;33,15;33,39;2414600;0,00;0,00;0,00;0,96%
2022-11-08 00:00:00-05:00;33,51;33,90;33,41;33,70;4040900;0,00;0,00;0,00;0,93%
2022-11-09 00:00:00-05:00;33,50;33,82;33,29;33,30;4546100;0,00;0,00;0,00;-1,17%
2022-11-10 00:00:00-05:00;34,80;35,38;34,57;35,38;8398000;0,00;0,00;0,00;6,23%
2022-11-11 00:00:00-05:00;35,80;36,32;35,62;36,25;4650300;0,00;0,00;0,00;2,47%
2022-11-14 00:00:00-05:00;36,17;36,40;35,93;35,94;2930000;0,00;0,00;0,00;-0,85%
2022-11-15 00:00:00-05:00;36,59;36,74;35,64;36,17;3934800;0,00;0,00;0,00;0,65%
2022-11-16 00:00:00-05:00;36,39;36,46;36,14;36,29;2492400;0,00;0,00;0,00;0,31%
2022-11-17 00:00:00-05:00;35,73;36,35;35,72;36,33;1790300;0,00;0,00;0,00;0,13%
2022-11-18 00:00:00-05:00;36,61;36,61;36,33;36,51;1945600;0,00;0,00;0,00;0,49%
2022-11-21 00:00:00-05:00;36,10;36,24;36,00;36,17;2015400;0,00;0,00;0,00;-0,92%
2022-11-22 00:00:00-05:00;36,25;36,62;36,17;36,62;2201600;0,00;0,00;0,00;1,24%
2022-11-23 00:00:00-05:00;36,56;36,99;36,56;36,97;1650300;0,00;0,00;0,00;0,95%
2022-11-25 00:00:00-05:00;36,90;37,18;36,90;37,09;798800;0,00;0,00;0,00;0,33%
2022-11-28 00:00:00-05:00;37,00;37,08;36,48;36,52;1979400;0,00;0,00;0,00;-1,54%
2022-11-29 00:00:00-05:00;36,62;36,88;36,54;36,73;2200200;0,00;0,00;0,00;0,57%
2022-11-30 00:00:00-05:00;37,03;37,65;36,67;37,57;3514200;0,00;0,00;0,00;2,30%
2022-12-01 00:00:00-05:00;37,77;37,90;37,47;37,76;1789000;0,00;0,00;0,00;0,50%
2022-12-02 00:00:00-05:00;37,45;37,87;37,41;37,80;1765500;0,00;0,00;0,00;0,10%
2022-12-05 00:00:00-05:00;37,66;37,74;37,22;37,29;1809000;0,00;0,00;0,00;-1,34%
2022-12-06 00:00:00-05:00;37,39;37,47;36,94;37,15;1551200;0,00;0,00;0,00;-0,38%
2022-12-07 00:00:00-05:00;37,18;37,38;36,98;37,23;1900300;0,00;0,00;0,00;0,23%
2022-12-08 00:00:00-05:00;37,15;37,42;37,01;37,38;986500;0,00;0,00;0,00;0,38%
2022-12-09 00:00:00-05:00;37,32;37,52;37,19;37,23;2677700;0,00;0,00;0,00;-0,38%
2022-12-12 00:00:00-05:00;37,31;37,40;37,13;37,40;2884200;0,00;0,00;0,00;0,45%
2022-12-13 00:00:00-05:00;38,57;38,69;37,82;38,08;3606800;0,00;0,00;0,00;1,81%
2022-12-14 00:00:00-05:00;38,06;38,29;37,68;37,99;2467800;0,00;0,00;0,00;-0,25%
2022-12-15 00:00:00-05:00;37,25;37,35;36,56;36,70;4065000;0,00;0,00;0,00;-3,38%
2022-12-16 00:00:00-05:00;36,34;36,53;36,16;36,36;3357900;0,00;0,00;0,00;-0,92%
2022-12-19 00:00:00-05:00;36,45;36,56;36,20;36,29;1722700;0,17;0,00;0,00;-0,19%
2022-12-20 00:00:00-05:00;36,30;36,55;36,25;36,39;1642900;0,00;0,00;0,00;0,26%
2022-12-21 00:00:00-05:00;36,74;37,09;36,68;36,99;2662500;0,00;0,00;0,00;1,66%
2022-12-22 00:00:00-05:00;36,77;36,77;36,19;36,58;1522600;0,00;0,00;0,00;-1,12%
2022-12-23 00:00:00-05:00;36,36;36,63;36,25;36,61;2814100;0,00;0,00;0,00;0,10%
2022-12-27 00:00:00-05:00;36,73;36,85;36,64;36,70;1670900;0,00;0,00;0,00;0,23%
2022-12-28 00:00:00-05:00;36,75;36,86;36,25;36,25;1122800;0,00;0,00;0,00;-1,21%
2022-12-29 00:00:00-05:00;36,76;37,07;36,74;36,99;1581400;0,00;0,00;0,00;2,03%
2022-12-30 00:00:00-05:00;36,61;36,75;36,40;36,46;2164300;0,00;0,00;0,00;-1,43%
2023-01-03 00:00:00-05:00;37,15;37,36;36,80;37,00;1980300;0,00;0,00;0,00;1,47%
2023-01-04 00:00:00-05:00;37,91;38,12;37,70;38,02;3411600;0,00;0,00;0,00;2,75%
2023-01-05 00:00:00-05:00;37,66;37,80;37,54;37,59;2392500;0,00;0,00;0,00;-1,12%
2023-01-06 00:00:00-05:00;37,77;38,76;37,60;38,72;2483400;0,00;0,00;0,00;3,01%
2023-01-09 00:00:00-05:00;39,22;39,55;39,15;39,15;3018800;0,00;0,00;0,00;1,09%
2023-01-10 00:00:00-05:00;39,25;39,50;39,18;39,48;2509400;0,00;0,00;0,00;0,84%
2023-01-11 00:00:00-05:00;39,82;39,94;39,68;39,93;1980100;0,00;0,00;0,00;1,15%
2023-01-12 00:00:00-05:00;40,20;40,57;39,81;40,49;2151000;0,00;0,00;0,00;1,39%
2023-01-13 00:00:00-05:00;40,25;40,75;40,25;40,75;3741100;0,00;0,00;0,00;0,65%
2023-01-17 00:00:00-05:00;40,81;41,00;40,53;40,66;2305500;0,00;0,00;0,00;-0,21%
2023-01-18 00:00:00-05:00;41,14;41,17;40,39;40,41;4360100;0,00;0,00;0,00;-0,63%
2023-01-19 00:00:00-05:00;40,09;40,18;39,85;40,12;2347200;0,00;0,00;0,00;-0,72%
2023-01-20 00:00:00-05:00;40,09;40,54;39,99;40,51;1885200;0,00;0,00;0,00;0,99%
2023-01-23 00:00:00-05:00;40,43;40,83;40,38;40,79;2293100;0,00;0,00;0,00;0,67%
2023-01-24 00:00:00-05:00;40,54;40,83;40,41;40,81;1087600;0,00;0,00;0,00;0,05%
2023-01-25 00:00:00-05:00;40,52;41,06;40,49;41,04;1669800;0,00;0,00;0,00;0,58%
2023-01-26 00:00:00-05:00;41,04;41,16;40,79;41,16;1545500;0,00;0,00;0,00;0,30%
2023-01-27 00:00:00-05:00;40,76;41,06;40,70;40,94;1228400;0,00;0,00;0,00;-0,55%
2023-01-30 00:00:00-05:00;40,73;40,94;40,55;40,55;1448400;0,00;0,00;0,00;-0,94%
2023-01-31 00:00:00-05:00;40,61;41,04;40,56;41,03;923800;0,00;0,00;0,00;1,18%
2023-02-01 00:00:00-05:00;41,06;41,79;40,80;41,62;2098700;0,00;0,00;0,00;1,42%
2023-02-02 00:00:00-05:00;41,87;41,93;41,42;41,80;1906400;0,00;0,00;0,00;0,45%
2023-02-03 00:00:00-05:00;41,28;41,76;41,22;41,30;1852900;0,00;0,00;0,00;-1,22%
2023-02-06 00:00:00-05:00;40,84;40,92;40,55;40,79;1372800;0,00;0,00;0,00;-1,23%
2023-02-07 00:00:00-05:00;40,49;41,13;40,44;41,09;1835500;0,00;0,00;0,00;0,74%
2023-02-08 00:00:00-05:00;40,87;41,00;40,67;40,79;1350900;0,00;0,00;0,00;-0,73%
2023-02-09 00:00:00-05:00;41,46;41,51;40,66;40,94;3712200;0,00;0,00;0,00;0,37%
2023-02-10 00:00:00-05:00;40,59;40,62;40,33;40,57;3288900;0,00;0,00;0,00;-0,90%
2023-02-13 00:00:00-05:00;40,83;41,19;40,78;41,18;1804000;0,00;0,00;0,00;1,51%
2023-02-14 00:00:00-05:00;41,03;41,56;40,95;41,35;3337000;0,00;0,00;0,00;0,41%
2023-02-15 00:00:00-05:00;41,12;41,52;41,07;41,50;1356900;0,00;0,00;0,00;0,36%
2023-02-16 00:00:00-05:00;41,14;41,59;41,10;41,29;2511600;0,00;0,00;0,00;-0,52%
2023-02-17 00:00:00-05:00;41,05;41,44;40,96;41,39;1240000;0,00;0,00;0,00;0,25%
2023-02-21 00:00:00-05:00;40,90;41,13;40,71;40,74;1090700;0,00;0,00;0,00;-1,57%
2023-02-22 00:00:00-05:00;40,76;40,85;40,50;40,57;1363500;0,00;0,00;0,00;-0,42%
2023-02-23 00:00:00-05:00;40,97;41,04;40,56;40,99;1682800;0,00;0,00;0,00;1,05%
2023-02-24 00:00:00-05:00;40,05;40,16;39,75;39,98;3972600;0,00;0,00;0,00;-2,48%
2023-02-27 00:00:00-05:00;40,73;40,81;40,53;40,66;1406200;0,00;0,00;0,00;1,72%
2023-02-28 00:00:00-05:00;40,67;40,80;40,37;40,37;909000;0,00;0,00;0,00;-0,72%
2023-03-01 00:00:00-05:00;40,94;40,98;40,47;40,61;1336000;0,00;0,00;0,00;0,58%
2023-03-02 00:00:00-05:00;40,34;40,80;40,28;40,79;984000;0,00;0,00;0,00;0,44%
2023-03-03 00:00:00-05:00;41,01;41,46;40,89;41,44;1168900;0,00;0,00;0,00;1,59%
2023-03-06 00:00:00-05:00;41,50;41,68;41,42;41,46;1164200;0,00;0,00;0,00;0,05%
2023-03-07 00:00:00-05:00;41,30;41,36;40,59;40,65;1997500;0,00;0,00;0,00;-1,95%
2023-03-08 00:00:00-05:00;40,76;41,01;40,64;40,87;2185600;0,00;0,00;0,00;0,56%
2023-03-09 00:00:00-05:00;40,84;41,02;40,41;40,41;1692700;0,00;0,00;0,00;-1,13%
2023-03-10 00:00:00-05:00;40,61;40,73;40,07;40,15;2893800;0,00;0,00;0,00;-0,65%
2023-03-13 00:00:00-04:00;39,41;40,00;39,30;39,65;5596600;0,00;0,00;0,00;-1,24%
2023-03-14 00:00:00-04:00;40,39;40,57;40,16;40,47;2912200;0,00;0,00;0,00;2,07%
2023-03-15 00:00:00-04:00;38,35;39,10;38,29;39,00;6470500;0,00;0,00;0,00;-3,63%
2023-03-16 00:00:00-04:00;38,62;39,76;38,56;39,74;3989900;0,00;0,00;0,00;1,91%
2023-03-17 00:00:00-04:00;39,12;39,28;38,78;39,16;3403900;0,00;0,00;0,00;-1,47%
2023-03-20 00:00:00-04:00;39,69;40,11;39,65;39,94;2078800;0,13;0,00;0,00;1,99%
2023-03-21 00:00:00-04:00;40,86;40,94;40,58;40,77;1853900;0,00;0,00;0,00;2,08%
2023-03-22 00:00:00-04:00;40,95;41,55;40,68;40,70;2262100;0,00;0,00;0,00;-0,16%
2023-03-23 00:00:00-04:00;41,23;41,50;40,54;40,81;2569400;0,00;0,00;0,00;0,26%
2023-03-24 00:00:00-04:00;40,26;40,45;39,94;40,42;1901000;0,00;0,00;0,00;-0,95%
2023-03-27 00:00:00-04:00;40,70;40,84;40,54;40,75;2809800;0,00;0,00;0,00;0,82%
2023-03-28 00:00:00-04:00;40,76;40,94;40,69;40,84;835400;0,00;0,00;0,00;0,23%
2023-03-29 00:00:00-04:00;41,46;41,64;41,32;41,56;2052600;0,00;0,00;0,00;1,76%
2023-03-30 00:00:00-04:00;42,22;42,35;42,15;42,29;2420800;0,00;0,00;0,00;1,75%
2023-03-31 00:00:00-04:00;42,36;42,59;42,33;42,44;2496600;0,00;0,00;0,00;0,36%
2023-04-03 00:00:00-04:00;42,50;42,70;42,39;42,67;1385000;0,00;0,00;0,00;0,53%
2023-04-04 00:00:00-04:00;42,78;42,97;42,68;42,79;1945000;0,00;0,00;0,00;0,29%
2023-04-05 00:00:00-04:00;42,61;42,69;42,34;42,50;2097400;0,00;0,00;0,00;-0,68%
2023-04-06 00:00:00-04:00;42,45;42,87;42,39;42,72;1944700;0,00;0,00;0,00;0,53%
2023-04-10 00:00:00-04:00;42,36;42,74;42,28;42,73;2437300;0,00;0,00;0,00;0,02%
2023-04-11 00:00:00-04:00;42,85;42,95;42,79;42,83;1628800;0,00;0,00;0,00;0,22%
2023-04-12 00:00:00-04:00;43,21;43,43;42,97;43,21;3283200;0,00;0,00;0,00;0,88%
2023-04-13 00:00:00-04:00;43,56;43,83;43,54;43,81;1762700;0,00;0,00;0,00;1,40%
2023-04-14 00:00:00-04:00;43,86;43,95;43,53;43,74;1780400;0,00;0,00;0,00;-0,17%
2023-04-17 00:00:00-04:00;43,40;43,41;43,15;43,39;1367100;0,00;0,00;0,00;-0,80%
2023-04-18 00:00:00-04:00;43,68;43,74;43,57;43,74;1080200;0,00;0,00;0,00;0,83%
2023-04-19 00:00:00-04:00;43,51;43,73;43,51;43,69;946400;0,00;0,00;0,00;-0,13%
2023-04-20 00:00:00-04:00;43,44;43,73;43,40;43,59;1005000;0,00;0,00;0,00;-0,22%
2023-04-21 00:00:00-04:00;43,62;43,98;43,52;43,96;1755200;0,00;0,00;0,00;0,85%
2023-04-24 00:00:00-04:00;44,05;44,12;43,97;44,09;1094700;0,00;0,00;0,00;0,30%
2023-04-25 00:00:00-04:00;43,80;43,85;43,30;43,31;1132700;0,00;0,00;0,00;-1,78%
2023-04-26 00:00:00-04:00;43,72;43,74;43,36;43,41;1082600;0,00;0,00;0,00;0,24%
2023-04-27 00:00:00-04:00;43,68;43,99;43,57;43,95;1258000;0,00;0,00;0,00;1,24%
2023-04-28 00:00:00-04:00;43,44;43,86;43,39;43,78;1371200;0,00;0,00;0,00;-0,39%
2023-05-01 00:00:00-04:00;43,91;43,97;43,70;43,70;1805900;0,00;0,00;0,00;-0,19%
2023-05-02 00:00:00-04:00;43,32;43,32;42,92;43,22;1800000;0,00;0,00;0,00;-1,10%
2023-05-03 00:00:00-04:00;43,37;43,71;43,30;43,32;853700;0,00;0,00;0,00;0,24%
2023-05-04 00:00:00-04:00;43,08;43,33;42,94;43,16;1780100;0,00;0,00;0,00;-0,37%
2023-05-05 00:00:00-04:00;43,39;43,93;43,37;43,86;807900;0,00;0,00;0,00;1,62%
2023-05-08 00:00:00-04:00;43,94;43,97;43,76;43,83;1402300;0,00;0,00;0,00;-0,06%
2023-05-09 00:00:00-04:00;43,23;43,50;43,22;43,41;756300;0,00;0,00;0,00;-0,95%
2023-05-10 00:00:00-04:00;43,49;43,53;43,03;43,36;996800;0,00;0,00;0,00;-0,13%
2023-05-11 00:00:00-04:00;42,99;43,22;42,81;43,17;676200;0,00;0,00;0,00;-0,44%
2023-05-12 00:00:00-04:00;43,15;43,19;42,87;43,03;692800;0,00;0,00;0,00;-0,33%
2023-05-15 00:00:00-04:00;43,05;43,22;42,96;43,22;946900;0,00;0,00;0,00;0,46%
2023-05-16 00:00:00-04:00;43,09;43,17;42,93;42,95;555900;0,00;0,00;0,00;-0,63%
2023-05-17 00:00:00-04:00;43,09;43,30;42,88;43,27;1918900;0,00;0,00;0,00;0,75%
2023-05-18 00:00:00-04:00;43,22;43,37;43,07;43,34;936400;0,00;0,00;0,00;0,15%
2023-05-19 00:00:00-04:00;43,69;43,81;43,60;43,68;983000;0,00;0,00;0,00;0,79%
2023-05-22 00:00:00-04:00;43,58;43,74;43,53;43,69;1739100;0,00;0,00;0,00;0,02%
2023-05-23 00:00:00-04:00;43,23;43,26;42,83;42,84;1273000;0,00;0,00;0,00;-1,95%
2023-05-24 00:00:00-04:00;42,36;42,38;42,08;42,13;3599100;0,00;0,00;0,00;-1,65%
2023-05-25 00:00:00-04:00;42,19;42,35;42,04;42,23;2085700;0,00;0,00;0,00;0,25%
2023-05-26 00:00:00-04:00;42,53;42,94;42,49;42,88;1047500;0,00;0,00;0,00;1,52%
2023-05-30 00:00:00-04:00;42,80;42,80;42,25;42,36;1385700;0,00;0,00;0,00;-1,19%
2023-05-31 00:00:00-04:00;41,84;41,87;41,32;41,63;2285600;0,00;0,00;0,00;-1,74%
2023-06-01 00:00:00-04:00;41,78;42,29;41,73;42,22;3014900;0,00;0,00;0,00;1,43%
2023-06-02 00:00:00-04:00;42,68;42,77;42,56;42,67;1781900;0,00;0,00;0,00;1,05%
2023-06-05 00:00:00-04:00;42,46;42,49;42,19;42,24;1219900;0,00;0,00;0,00;-1,00%
2023-06-06 00:00:00-04:00;42,05;42,39;42,02;42,36;2149800;0,00;0,00;0,00;0,27%
2023-06-07 00:00:00-04:00;42,38;42,53;42,14;42,20;849600;0,00;0,00;0,00;-0,36%
2023-06-08 00:00:00-04:00;42,51;42,75;42,46;42,74;953200;0,00;0,00;0,00;1,28%
2023-06-09 00:00:00-04:00;42,54;42,61;42,38;42,42;1584700;0,00;0,00;0,00;-0,75%
2023-06-12 00:00:00-04:00;42,76;42,91;42,68;42,89;1580000;0,00;0,00;0,00;1,11%
2023-06-13 00:00:00-04:00;43,15;43,30;43,04;43,24;2594800;0,00;0,00;0,00;0,82%
2023-06-14 00:00:00-04:00;43,61;43,76;43,29;43,56;1849500;0,00;0,00;0,00;0,72%
2023-06-15 00:00:00-04:00;43,57;44,12;43,52;44,08;1089000;0,00;0,00;0,00;1,22%
2023-06-16 00:00:00-04:00;44,42;44,43;44,13;44,15;1047200;0,00;0,00;0,00;0,15%
2023-06-20 00:00:00-04:00;43,79;43,86;43,56;43,68;968800;0,94;0,00;0,00;-1,06%
2023-06-21 00:00:00-04:00;43,56;43,83;43,48;43,66;1692700;0,00;0,00;0,00;-0,04%
2023-06-22 00:00:00-04:00;43,36;43,55;43,33;43,45;1070800;0,00;0,00;0,00;-0,49%
2023-06-23 00:00:00-04:00;42,71;42,97;42,65;42,80;1662500;0,00;0,00;0,00;-1,49%
2023-06-26 00:00:00-04:00;42,98;43,14;42,96;42,98;645700;0,00;0,00;0,00;0,41%
2023-06-27 00:00:00-04:00;43,27;43,70;43,20;43,62;1900400;0,00;0,00;0,00;1,50%
2023-06-28 00:00:00-04:00;43,67;43,75;43,60;43,66;953100;0,00;0,00;0,00;0,09%
2023-06-29 00:00:00-04:00;43,60;43,70;43,56;43,68;1258700;0,00;0,00;0,00;0,04%
2023-06-30 00:00:00-04:00;44,21;44,40;44,13;44,36;1852900;0,00;0,00;0,00;1,55%
2023-07-03 00:00:00-04:00;44,31;44,37;44,19;44,36;711600;0,00;0,00;0,00;0,00%
2023-07-05 00:00:00-04:00;43,72;43,74;43,46;43,49;1114300;0,00;0,00;0,00;-1,96%
2023-07-06 00:00:00-04:00;42,77;42,78;42,23;42,46;3218200;0,00;0,00;0,00;-2,37%
2023-07-07 00:00:00-04:00;42,63;43,10;42,56;42,87;2324000;0,00;0,00;0,00;0,98%
2023-07-10 00:00:00-04:00;43,01;43,23;43,01;43,21;2174400;0,00;0,00;0,00;0,79%
2023-07-11 00:00:00-04:00;43,51;43,68;43,35;43,64;1064800;0,00;0,00;0,00;1,00%
2023-07-12 00:00:00-04:00;44,47;44,81;44,38;44,78;1313600;0,00;0,00;0,00;2,61%
2023-07-13 00:00:00-04:00;45,38;45,59;45,33;45,56;1330800;0,00;0,00;0,00;1,74%
2023-07-14 00:00:00-04:00;45,65;45,73;45,38;45,39;1294200;0,00;0,00;0,00;-0,38%
2023-07-17 00:00:00-04:00;45,02;45,35;44,96;45,26;926800;0,00;0,00;0,00;-0,28%
2023-07-18 00:00:00-04:00;45,09;45,41;45,04;45,39;1043100;0,00;0,00;0,00;0,28%
2023-07-19 00:00:00-04:00;45,17;45,26;44,96;45,04;1480200;0,00;0,00;0,00;-0,77%
2023-07-20 00:00:00-04:00;45,02;45,16;44,68;44,78;1091700;0,00;0,00;0,00;-0,58%
2023-07-21 00:00:00-04:00;45,06;45,12;44,90;45,10;1205700;0,00;0,00;0,00;0,71%
2023-07-24 00:00:00-04:00;44,70;44,88;44,66;44,77;851200;0,00;0,00;0,00;-0,73%
2023-07-25 00:00:00-04:00;44,56;44,82;44,56;44,61;1124700;0,00;0,00;0,00;-0,37%
2023-07-26 00:00:00-04:00;44,06;44,70;44,04;44,56;1013200;0,00;0,00;0,00;-0,11%
2023-07-27 00:00:00-04:00;45,07;45,24;44,62;44,62;2267300;0,00;0,00;0,00;0,13%
2023-07-28 00:00:00-04:00;45,18;45,55;45,13;45,40;982400;0,00;0,00;0,00;1,75%
2023-07-31 00:00:00-04:00;45,57;45,66;45,36;45,37;849400;0,00;0,00;0,00;-0,06%
2023-08-01 00:00:00-04:00;44,85;44,97;44,52;44,69;1188000;0,00;0,00;0,00;-1,51%
2023-08-02 00:00:00-04:00;44,15;44,15;43,61;43,69;2314000;0,00;0,00;0,00;-2,22%
2023-08-03 00:00:00-04:00;43,30;43,64;43,23;43,51;1496500;0,00;0,00;0,00;-0,42%
2023-08-04 00:00:00-04:00;43,79;44,22;43,62;43,67;1595900;0,00;0,00;0,00;0,38%
2023-08-07 00:00:00-04:00;44,04;44,17;43,81;44,16;794700;0,00;0,00;0,00;1,13%
2023-08-08 00:00:00-04:00;43,28;43,63;43,12;43,63;1439500;0,00;0,00;0,00;-1,20%
2023-08-09 00:00:00-04:00;43,80;43,96;43,67;43,79;1158700;0,00;0,00;0,00;0,35%
2023-08-10 00:00:00-04:00;44,42;44,84;44,15;44,21;1527200;0,00;0,00;0,00;0,97%
2023-08-11 00:00:00-04:00;43,74;43,88;43,61;43,73;1310300;0,00;0,00;0,00;-1,09%
2023-08-14 00:00:00-04:00;43,34;43,71;43,22;43,66;712600;0,00;0,00;0,00;-0,15%
2023-08-15 00:00:00-04:00;43,40;43,40;42,96;43,05;791400;0,00;0,00;0,00;-1,41%
2023-08-16 00:00:00-04:00;43,06;43,27;42,76;42,76;1038900;0,00;0,00;0,00;-0,67%
2023-08-17 00:00:00-04:00;42,80;42,84;42,20;42,27;2188600;0,00;0,00;0,00;-1,13%
2023-08-18 00:00:00-04:00;41,89;42,43;41,88;42,33;1148800;0,00;0,00;0,00;0,14%
2023-08-21 00:00:00-04:00;42,57;42,72;42,36;42,65;1087700;0,00;0,00;0,00;0,75%
2023-08-22 00:00:00-04:00;42,89;42,90;42,52;42,57;598200;0,00;0,00;0,00;-0,18%
2023-08-23 00:00:00-04:00;42,50;42,88;42,47;42,81;721500;0,00;0,00;0,00;0,57%
2023-08-24 00:00:00-04:00;42,55;42,70;42,06;42,06;1323800;0,00;0,00;0,00;-1,76%
2023-08-25 00:00:00-04:00;42,43;42,64;42,01;42,43;1330500;0,00;0,00;0,00;0,87%
2023-08-28 00:00:00-04:00;42,79;42,98;42,73;42,93;680400;0,00;0,00;0,00;1,18%
2023-08-29 00:00:00-04:00;42,84;43,57;42,83;43,56;1234100;0,00;0,00;0,00;1,46%
2023-08-30 00:00:00-04:00;43,58;43,76;43,45;43,55;1438100;0,00;0,00;0,00;-0,02%
2023-08-31 00:00:00-04:00;43,33;43,41;42,88;43,01;933900;0,00;0,00;0,00;-1,24%
2023-09-01 00:00:00-04:00;43,28;43,31;42,57;42,70;786200;0,00;0,00;0,00;-0,72%
2023-09-05 00:00:00-04:00;42,49;42,53;42,21;42,22;994600;0,00;0,00;0,00;-1,13%
2023-09-06 00:00:00-04:00;42,04;42,15;41,81;42,01;1119300;0,00;0,00;0,00;-0,48%
2023-09-07 00:00:00-04:00;41,78;41,88;41,58;41,70;1010100;0,00;0,00;0,00;-0,73%
2023-09-08 00:00:00-04:00;41,79;41,97;41,73;41,81;1534300;0,00;0,00;0,00;0,25%
2023-09-11 00:00:00-04:00;42,24;42,32;42,07;42,29;800700;0,00;0,00;0,00;1,15%
2023-09-12 00:00:00-04:00;41,89;42,18;41,86;41,99;711100;0,00;0,00;0,00;-0,71%
2023-09-13 00:00:00-04:00;41,88;41,98;41,65;41,74;741700;0,00;0,00;0,00;-0,60%
2023-09-14 00:00:00-04:00;41,92;42,23;41,89;42,20;1219200;0,00;0,00;0,00;1,09%
2023-09-15 00:00:00-04:00;42,33;42,49;42,11;42,14;1135200;0,00;0,00;0,00;-0,14%
2023-09-18 00:00:00-04:00;41,84;41,97;41,72;41,87;1139100;0,12;0,00;0,00;-0,64%
2023-09-19 00:00:00-04:00;41,88;41,95;41,73;41,89;892900;0,00;0,00;0,00;0,05%
2023-09-20 00:00:00-04:00;42,24;42,47;41,85;41,87;1760000;0,00;0,00;0,00;-0,05%
2023-09-21 00:00:00-04:00;41,51;41,63;41,19;41,21;2417600;0,00;0,00;0,00;-1,57%
2023-09-22 00:00:00-04:00;41,36;41,57;41,12;41,18;2081500;0,00;0,00;0,00;-0,07%
2023-09-25 00:00:00-04:00;40,67;40,82;40,49;40,79;2134400;0,00;0,00;0,00;-0,94%
2023-09-26 00:00:00-04:00;40,35;40,51;40,13;40,19;2834200;0,00;0,00;0,00;-1,47%
2023-09-27 00:00:00-04:00;40,32;40,36;39,76;40,10;1952400;0,00;0,00;0,00;-0,24%
2023-09-28 00:00:00-04:00;40,25;40,77;40,20;40,60;1633300;0,00;0,00;0,00;1,25%
2023-09-29 00:00:00-04:00;41,19;41,22;40,55;40,64;1312400;0,00;0,00;0,00;0,10%
2023-10-02 00:00:00-04:00;40,40;40,47;39,83;39,92;2361000;0,00;0,00;0,00;-1,76%
2023-10-03 00:00:00-04:00;39,74;39,84;39,48;39,60;1442700;0,00;0,00;0,00;-0,80%
2023-10-04 00:00:00-04:00;39,96;39,99;39,56;39,94;1200700;0,00;0,00;0,00;0,85%
2023-10-05 00:00:00-04:00;39,95;40,11;39,79;40,07;1169800;0,00;0,00;0,00;0,31%
2023-10-06 00:00:00-04:00;40,00;40,79;39,74;40,70;1552100;0,00;0,00;0,00;1,57%
2023-10-09 00:00:00-04:00;40,06;40,38;39,94;40,35;1230200;0,00;0,00;0,00;-0,86%
2023-10-10 00:00:00-04:00;40,96;41,25;40,90;40,96;1428300;0,00;0,00;0,00;1,51%
2023-10-11 00:00:00-04:00;41,26;41,38;40,98;41,24;926300;0,00;0,00;0,00;0,68%
2023-10-12 00:00:00-04:00;41,06;41,08;40,54;40,69;1548000;0,00;0,00;0,00;-1,34%
2023-10-13 00:00:00-04:00;40,54;40,59;39,97;40,09;2828400;0,00;0,00;0,00;-1,47%
2023-10-16 00:00:00-04:00;40,34;40,58;40,29;40,53;974000;0,00;0,00;0,00;1,11%
2023-10-17 00:00:00-04:00;40,07;40,77;40,05;40,59;1158400;0,00;0,00;0,00;0,14%
2023-10-18 00:00:00-04:00;40,10;40,17;39,77;39,82;1766000;0,00;0,00;0,00;-1,91%
2023-10-19 00:00:00-04:00;39,95;40,21;39,64;39,74;2307300;0,00;0,00;0,00;-0,19%
2023-10-20 00:00:00-04:00;39,60;39,68;39,33;39,35;1720300;0,00;0,00;0,00;-0,97%
2023-10-23 00:00:00-04:00;39,32;39,89;39,20;39,62;1323100;0,00;0,00;0,00;0,69%
2023-10-24 00:00:00-04:00;39,72;39,89;39,63;39,83;2170700;0,00;0,00;0,00;0,51%
2023-10-25 00:00:00-04:00;39,66;39,93;39,48;39,54;1581100;0,00;0,00;0,00;-0,73%
2023-10-26 00:00:00-04:00;39,54;39,63;39,19;39,36;1850700;0,00;0,00;0,00;-0,44%
2023-10-27 00:00:00-04:00;39,57;39,57;38,92;39,02;1973400;0,00;0,00;0,00;-0,86%
2023-10-30 00:00:00-04:00;39,54;39,68;39,39;39,64;1047400;0,00;0,00;0,00;1,59%
2023-10-31 00:00:00-04:00;39,77;39,92;39,57;39,81;1069800;0,00;0,00;0,00;0,41%
2023-11-01 00:00:00-04:00;39,83;40,16;39,69;40,15;1409500;0,00;0,00;0,00;0,85%
2023-11-02 00:00:00-04:00;41,07;41,20;40,88;41,11;2146300;0,00;0,00;0,00;2,41%
2023-11-03 00:00:00-04:00;41,47;41,66;41,32;41,41;1191400;0,00;0,00;0,00;0,73%
2023-11-06 00:00:00-05:00;41,36;41,39;41,09;41,18;1189200;0,00;0,00;0,00;-0,56%
2023-11-07 00:00:00-05:00;40,92;41,15;40,84;41,02;1346300;0,00;0,00;0,00;-0,40%
2023-11-08 00:00:00-05:00;41,29;41,48;41,18;41,40;1494900;0,00;0,00;0,00;0,94%
2023-11-09 00:00:00-05:00;41,75;41,93;41,41;41,44;1234900;0,00;0,00;0,00;0,09%
2023-11-10 00:00:00-05:00;41,49;41,80;41,18;41,77;805500;0,00;0,00;0,00;0,79%
2023-11-13 00:00:00-05:00;41,57;41,96;41,51;41,91;1749400;0,00;0,00;0,00;0,32%
2023-11-14 00:00:00-05:00;42,83;43,26;42,83;43,19;1659300;0,00;0,00;0,00;3,07%
2023-11-15 00:00:00-05:00;43,25;43,41;43,17;43,28;2597700;0,00;0,00;0,00;0,20%
2023-11-16 00:00:00-05:00;43,28;43,50;43,17;43,30;1158200;0,00;0,00;0,00;0,04%
2023-11-17 00:00:00-05:00;43,66;43,91;43,57;43,86;1807400;0,00;0,00;0,00;1,30%
2023-11-20 00:00:00-05:00;43,88;44,16;43,84;44,09;1044900;0,00;0,00;0,00;0,53%
2023-11-21 00:00:00-05:00;44,02;44,03;43,73;43,80;1433400;0,00;0,00;0,00;-0,66%
2023-11-22 00:00:00-05:00;43,86;43,92;43,69;43,85;1794900;0,00;0,00;0,00;0,11%
2023-11-24 00:00:00-05:00;44,13;44,32;44,07;44,32;2057200;0,00;0,00;0,00;1,06%
2023-11-27 00:00:00-05:00;44,22;44,24;44,03;44,14;1440400;0,00;0,00;0,00;-0,39%
2023-11-28 00:00:00-05:00;44,03;44,31;43,99;44,15;745300;0,00;0,00;0,00;0,02%
2023-11-29 00:00:00-05:00;44,40;44,57;44,28;44,40;1174900;0,00;0,00;0,00;0,57%
2023-11-30 00:00:00-05:00;44,31;44,32;44,12;44,24;1451500;0,00;0,00;0,00;-0,37%
2023-12-01 00:00:00-05:00;44,21;44,61;44,15;44,55;1072300;0,00;0,00;0,00;0,70%
2023-12-04 00:00:00-05:00;44,22;44,45;44,16;44,44;2342100;0,00;0,00;0,00;-0,24%
2023-12-05 00:00:00-05:00;44,49;44,67;44,40;44,57;1825900;0,00;0,00;0,00;0,28%
2023-12-06 00:00:00-05:00;44,86;45,00;44,59;44,59;1035700;0,00;0,00;0,00;0,04%
2023-12-07 00:00:00-05:00;44,67;44,89;44,57;44,84;588700;0,00;0,00;0,00;0,56%
2023-12-08 00:00:00-05:00;44,86;45,23;44,84;45,20;1146000;0,00;0,00;0,00;0,80%
2023-12-11 00:00:00-05:00;45,14;45,38;45,14;45,35;542900;0,00;0,00;0,00;0,34%
2023-12-12 00:00:00-05:00;45,35;45,51;45,26;45,50;831200;0,00;0,00;0,00;0,32%
2023-12-13 00:00:00-05:00;45,51;46,13;45,21;46,10;1481800;0,00;0,00;0,00;1,32%
2023-12-14 00:00:00-05:00;46,14;46,43;45,99;46,28;3198100;0,00;0,00;0,00;0,40%
2023-12-15 00:00:00-05:00;46,00;46,15;45,80;45,81;2202100;0,00;0,00;0,00;-1,00%
2023-12-18 00:00:00-05:00;45,87;45,88;45,67;45,84;772800;0,12;0,00;0,00;0,06%
2023-12-19 00:00:00-05:00;46,04;46,26;46,03;46,26;2073000;0,00;0,00;0,00;0,91%
2023-12-20 00:00:00-05:00;46,02;46,15;45,54;45,55;1756700;0,00;0,00;0,00;-1,53%
2023-12-21 00:00:00-05:00;46,04;46,30;45,90;46,29;784200;0,00;0,00;0,00;1,62%
2023-12-22 00:00:00-05:00;46,27;46,33;46,02;46,17;2106600;0,00;0,00;0,00;-0,25%
2023-12-26 00:00:00-05:00;46,29;46,57;46,13;46,51;1044700;0,00;0,00;0,00;0,74%
2023-12-27 00:00:00-05:00;46,51;46,74;46,47;46,71;829800;0,00;0,00;0,00;0,42%
2023-12-28 00:00:00-05:00;46,43;46,53;46,30;46,32;971400;0,00;0,00;0,00;-0,83%
2023-12-29 00:00:00-05:00;46,42;46,58;46,24;46,37;765900;0,00;0,00;0,00;0,10%
2024-01-02 00:00:00-05:00;45,78;45,90;45,64;45,70;1443900;0,00;0,00;0,00;-1,44%
2024-01-03 00:00:00-05:00;44,99;45,19;44,84;45,07;1671100;0,00;0,00;0,00;-1,38%
2024-01-04 00:00:00-05:00;45,17;45,52;45,14;45,27;1280300;0,00;0,00;0,00;0,45%
2024-01-05 00:00:00-05:00;45,13;45,63;45,10;45,20;3871100;0,00;0,00;0,00;-0,15%
2024-01-08 00:00:00-05:00;45,46;45,78;45,42;45,78;757600;0,00;0,00;0,00;1,29%
2024-01-09 00:00:00-05:00;45,20;45,39;45,12;45,28;2221800;0,00;0,00;0,00;-1,10%
2024-01-10 00:00:00-05:00;45,34;45,61;45,24;45,53;1181700;0,00;0,00;0,00;0,56%
2024-01-11 00:00:00-05:00;45,60;45,66;45,02;45,47;1447100;0,00;0,00;0,00;-0,13%
2024-01-12 00:00:00-05:00;45,60;45,74;45,43;45,53;938600;0,00;0,00;0,00;0,13%
2024-01-16 00:00:00-05:00;44,77;44,92;44,59;44,70;1051100;0,00;0,00;0,00;-1,83%
2024-01-17 00:00:00-05:00;44,25;44,44;44,07;44,42;1463000;0,00;0,00;0,00;-0,63%
2024-01-18 00:00:00-05:00;44,72;45,06;44,64;45,05;1179700;0,00;0,00;0,00;1,42%
2024-01-19 00:00:00-05:00;44,86;45,21;44,76;45,20;2140700;0,00;0,00;0,00;0,34%
2024-01-22 00:00:00-05:00;45,21;45,34;45,15;45,17;939300;0,00;0,00;0,00;-0,06%
2024-01-23 00:00:00-05:00;44,93;45,09;44,83;45,09;610800;0,00;0,00;0,00;-0,19%
2024-01-24 00:00:00-05:00;46,15;46,31;45,97;45,99;1270200;0,00;0,00;0,00;2,00%
2024-01-25 00:00:00-05:00;46,13;46,23;45,93;46,23;926300;0,00;0,00;0,00;0,53%
2024-01-26 00:00:00-05:00;46,64;46,74;46,58;46,65;1116500;0,00;0,00;0,00;0,90%
2024-01-29 00:00:00-05:00;46,42;46,82;46,35;46,80;1412700;0,00;0,00;0,00;0,33%
2024-01-30 00:00:00-05:00;46,91;46,96;46,76;46,90;693200;0,00;0,00;0,00;0,21%
2024-01-31 00:00:00-05:00;47,00;47,06;46,35;46,41;1963200;0,00;0,00;0,00;-1,05%
2024-02-01 00:00:00-05:00;46,61;46,99;46,47;46,97;850800;0,00;0,00;0,00;1,21%
2024-02-02 00:00:00-05:00;46,67;46,72;46,47;46,67;802200;0,00;0,00;0,00;-0,64%
2024-02-05 00:00:00-05:00;46,33;46,57;46,11;46,49;812100;0,00;0,00;0,00;-0,37%
2024-02-06 00:00:00-05:00;46,54;46,87;46,52;46,87;654200;0,00;0,00;0,00;0,81%
2024-02-07 00:00:00-05:00;46,79;46,91;46,65;46,88;1366200;0,00;0,00;0,00;0,02%
2024-02-08 00:00:00-05:00;47,07;47,16;46,99;47,05;570200;0,00;0,00;0,00;0,35%
2024-02-09 00:00:00-05:00;47,14;47,41;47,02;47,38;398400;0,00;0,00;0,00;0,72%
2024-02-12 00:00:00-05:00;47,33;47,55;47,31;47,38;516800;0,00;0,00;0,00;-0,02%
2024-02-13 00:00:00-05:00;46,58;46,73;46,27;46,44;787200;0,00;0,00;0,00;-1,97%
2024-02-14 00:00:00-05:00;46,78;47,08;46,76;47,07;549800;0,00;0,00;0,00;1,36%
2024-02-15 00:00:00-05:00;47,32;47,65;47,31;47,64;811700;0,00;0,00;0,00;1,19%
2024-02-16 00:00:00-05:00;47,56;47,77;47,43;47,53;2461300;0,00;0,00;0,00;-0,22%
2024-02-20 00:00:00-05:00;47,83;47,91;47,68;47,84;742700;0,00;0,00;0,00;0,65%
2024-02-21 00:00:00-05:00;47,86;48,18;47,85;48,15;1202300;0,00;0,00;0,00;0,65%
2024-02-22 00:00:00-05:00;48,73;48,97;48,66;48,92;1702300;0,00;0,00;0,00;1,59%
2024-02-23 00:00:00-05:00;49,07;49,09;48,89;48,95;1235800;0,00;0,00;0,00;0,06%
2024-02-26 00:00:00-05:00;49,04;49,09;48,91;49,00;1122400;0,00;0,00;0,00;0,12%
2024-02-27 00:00:00-05:00;49,13;49,30;49,02;49,24;1148400;0,00;0,00;0,00;0,47%
2024-02-28 00:00:00-05:00;49,09;49,25;49,03;49,13;766700;0,00;0,00;0,00;-0,22%
2024-02-29 00:00:00-05:00;49,21;49,31;48,86;49,18;940600;0,00;0,00;0,00;0,10%
2024-03-01 00:00:00-05:00;49,13;49,39;48,89;49,37;3174000;0,00;0,00;0,00;0,39%
2024-03-04 00:00:00-05:00;49,44;49,63;49,41;49,53;1467000;0,00;0,00;0,00;0,31%
2024-03-05 00:00:00-05:00;49,41;49,60;49,02;49,20;599400;0,00;0,00;0,00;-0,67%
2024-03-06 00:00:00-05:00;49,69;49,93;49,63;49,80;575500;0,00;0,00;0,00;1,22%
2024-03-07 00:00:00-05:00;50,20;50,71;50,14;50,65;675200;0,00;0,00;0,00;1,71%
2024-03-08 00:00:00-05:00;50,67;50,72;50,16;50,19;4088500;0,00;0,00;0,00;-0,92%
2024-03-11 00:00:00-04:00;50,08;50,12;49,82;50,08;937300;0,00;0,00;0,00;-0,21%
2024-03-12 00:00:00-04:00;50,16;50,66;49,92;50,66;960400;0,00;0,00;0,00;1,16%
2024-03-13 00:00:00-04:00;50,89;51,00;50,80;50,87;745700;0,00;0,00;0,00;0,40%
2024-03-14 00:00:00-04:00;50,83;50,85;50,23;50,47;1065900;0,00;0,00;0,00;-0,78%
2024-03-15 00:00:00-04:00;50,61;50,71;50,38;50,55;601400;0,00;0,00;0,00;0,15%
2024-03-18 00:00:00-04:00;50,56;50,56;50,24;50,28;519700;0,10;0,00;0,00;-0,52%
2024-03-19 00:00:00-04:00;50,37;50,58;50,27;50,41;652600;0,00;0,00;0,00;0,25%
2024-03-20 00:00:00-04:00;50,35;51,14;50,34;51,11;992800;0,00;0,00;0,00;1,39%
2024-03-21 00:00:00-04:00;50,94;51,04;50,86;50,88;992400;0,00;0,00;0,00;-0,46%
2024-03-22 00:00:00-04:00;50,43;50,68;50,43;50,61;516400;0,00;0,00;0,00;-0,52%
2024-03-25 00:00:00-04:00;50,60;50,91;50,59;50,77;330100;0,00;0,00;0,00;0,31%
2024-03-26 00:00:00-04:00;51,10;51,19;50,86;50,88;963900;0,00;0,00;0,00;0,21%
2024-03-27 00:00:00-04:00;51,20;51,31;51,08;51,29;1146600;0,00;0,00;0,00;0,82%
2024-03-28 00:00:00-04:00;51,13;51,19;51,00;51,06;1941800;0,00;0,00;0,00;-0,45%
2024-04-01 00:00:00-04:00;51,14;51,52;51,11;51,18;2403100;0,00;0,00;0,00;0,23%
2024-04-02 00:00:00-04:00;50,56;50,60;50,41;50,59;2066200;0,00;0,00;0,00;-1,14%
2024-04-03 00:00:00-04:00;50,68;51,11;50,67;51,02;1032200;0,00;0,00;0,00;0,85%
2024-04-04 00:00:00-04:00;51,34;51,37;50,36;50,43;1756000;0,00;0,00;0,00;-1,16%
2024-04-05 00:00:00-04:00;50,29;50,63;50,16;50,51;1485000;0,00;0,00;0,00;0,15%
2024-04-08 00:00:00-04:00;50,90;50,97;50,79;50,84;612900;0,00;0,00;0,00;0,65%
2024-04-09 00:00:00-04:00;50,84;50,94;50,29;50,54;1409600;0,00;0,00;0,00;-0,59%
2024-04-10 00:00:00-04:00;49,72;50,17;49,64;49,91;1897900;0,00;0,00;0,00;-1,23%
2024-04-11 00:00:00-04:00;49,97;49,97;49,18;49,89;1977400;0,00;0,00;0,00;-0,04%
2024-04-12 00:00:00-04:00;49,10;49,33;48,77;48,84;2262400;0,00;0,00;0,00;-2,12%
2024-04-15 00:00:00-04:00;49,75;49,82;48,82;48,86;1093000;0,00;0,00;0,00;0,06%
2024-04-16 00:00:00-04:00;48,69;48,95;48,48;48,72;2746500;0,00;0,00;0,00;-0,30%
2024-04-17 00:00:00-04:00;49,24;49,24;48,54;48,79;1436700;0,00;0,00;0,00;0,14%
2024-04-18 00:00:00-04:00;48,84;49,11;48,65;48,76;1323000;0,00;0,00;0,00;-0,06%
2024-04-19 00:00:00-04:00;48,88;48,99;48,50;48,70;1593900;0,00;0,00;0,00;-0,12%
2024-04-22 00:00:00-04:00;48,96;49,43;48,89;49,23;1140200;0,00;0,00;0,00;1,10%
2024-04-23 00:00:00-04:00;49,65;50,21;49,55;50,13;1115800;0,00;0,00;0,00;1,82%
2024-04-24 00:00:00-04:00;50,15;50,15;49,69;49,91;3256900;0,00;0,00;0,00;-0,43%
2024-04-25 00:00:00-04:00;49,08;49,75;48,95;49,67;1959000;0,00;0,00;0,00;-0,49%
2024-04-26 00:00:00-04:00;49,95;50,29;49,90;50,21;1087400;0,00;0,00;0,00;1,08%
2024-04-29 00:00:00-04:00;50,02;50,10;49,88;50,05;924300;0,00;0,00;0,00;-0,31%
2024-04-30 00:00:00-04:00;49,62;49,80;49,03;49,07;993400;0,00;0,00;0,00;-1,96%
2024-05-01 00:00:00-04:00;48,99;49,51;48,69;48,91;2113600;0,00;0,00;0,00;-0,32%
2024-05-02 00:00:00-04:00;49,29;49,41;48,92;49,30;1860600;0,00;0,00;0,00;0,79%
2024-05-03 00:00:00-04:00;49,93;50,02;49,55;49,77;978200;0,00;0,00;0,00;0,95%
2024-05-06 00:00:00-04:00;50,13;50,31;50,05;50,25;812900;0,00;0,00;0,00;0,98%
2024-05-07 00:00:00-04:00;50,69;50,78;50,56;50,62;841700;0,00;0,00;0,00;0,73%
2024-05-08 00:00:00-04:00;50,76;50,96;50,73;50,88;1093100;0,00;0,00;0,00;0,50%
2024-05-09 00:00:00-04:00;51,03;51,38;50,94;51,37;895800;0,00;0,00;0,00;0,97%
2024-05-10 00:00:00-04:00;51,59;51,67;51,46;51,56;773500;0,00;0,00;0,00;0,36%
2024-05-13 00:00:00-04:00;51,62;51,76;51,54;51,60;769200;0,00;0,00;0,00;0,09%
2024-05-14 00:00:00-04:00;51,74;51,95;51,68;51,93;1239500;0,00;0,00;0,00;0,64%
2024-05-15 00:00:00-04:00;52,09;52,40;51,96;52,39;1786900;0,00;0,00;0,00;0,88%
2024-05-16 00:00:00-04:00;52,11;52,12;51,82;51,86;650000;0,00;0,00;0,00;-1,02%
2024-05-17 00:00:00-04:00;51,80;52,03;51,74;52,00;677500;0,00;0,00;0,00;0,28%
2024-05-20 00:00:00-04:00;52,03;52,10;51,92;51,93;597400;0,00;0,00;0,00;-0,13%
2024-05-21 00:00:00-04:00;51,70;51,89;51,62;51,88;397200;0,00;0,00;0,00;-0,11%
2024-05-22 00:00:00-04:00;51,58;51,62;51,21;51,40;719600;0,00;0,00;0,00;-0,92%
2024-05-23 00:00:00-04:00;51,91;51,91;51,05;51,21;900800;0,00;0,00;0,00;-0,38%
2024-05-24 00:00:00-04:00;51,45;51,74;51,40;51,69;520500;0,00;0,00;0,00;0,95%
2024-05-28 00:00:00-04:00;51,86;51,87;51,54;51,73;871200;0,00;0,00;0,00;0,08%
2024-05-29 00:00:00-04:00;50,86;51,07;50,76;50,80;566300;0,00;0,00;0,00;-1,80%
2024-05-30 00:00:00-04:00;50,95;51,28;50,95;51,17;930300;0,00;0,00;0,00;0,73%
2024-05-31 00:00:00-04:00;51,36;51,49;51,05;51,43;493400;0,00;0,00;0,00;0,51%
2024-06-03 00:00:00-04:00;51,68;51,76;51,25;51,59;1183400;0,00;0,00;0,00;0,30%
2024-06-04 00:00:00-04:00;51,29;51,40;50,97;51,21;1119700;0,00;0,00;0,00;-0,73%
2024-06-05 00:00:00-04:00;51,96;52,06;51,64;52,05;690000;0,00;0,00;0,00;1,65%
2024-06-06 00:00:00-04:00;52,22;52,31;52,14;52,29;4742000;0,00;0,00;0,00;0,47%
2024-06-07 00:00:00-04:00;51,73;51,91;51,54;51,56;1403100;0,00;0,00;0,00;-1,41%
2024-06-10 00:00:00-04:00;50,76;51,26;50,68;51,23;1180500;0,00;0,00;0,00;-0,64%
2024-06-11 00:00:00-04:00;50,49;50,69;50,19;50,58;797200;0,00;0,00;0,00;-1,25%
2024-06-12 00:00:00-04:00;51,53;51,79;51,37;51,51;1461200;0,00;0,00;0,00;1,82%
2024-06-13 00:00:00-04:00;50,95;50,95;50,11;50,35;923700;0,00;0,00;0,00;-2,24%
2024-06-14 00:00:00-04:00;48,97;49,15;48,67;49,03;2826800;0,00;0,00;0,00;-2,62%
2024-06-17 00:00:00-04:00;49,47;49,82;49,21;49,78;2213100;0,00;0,00;0,00;1,53%
2024-06-18 00:00:00-04:00;49,75;50,04;49,75;49,93;1626000;0,00;0,00;0,00;0,31%
2024-06-20 00:00:00-04:00;49,92;50,17;49,84;50,05;3438900;0,00;0,00;0,00;0,23%
2024-06-21 00:00:00-04:00;49,58;49,76;49,36;49,62;1806800;0,00;0,00;0,00;-0,85%
2024-06-24 00:00:00-04:00;50,19;50,45;50,02;50,08;1275500;1,07;0,00;0,00;0,93%
2024-06-25 00:00:00-04:00;49,77;50,17;49,66;50,12;899700;0,00;0,00;0,00;0,08%
2024-06-26 00:00:00-04:00;49,48;49,80;49,40;49,72;1486200;0,00;0,00;0,00;-0,81%
2024-06-27 00:00:00-04:00;49,81;49,94;49,57;49,73;3850200;0,00;0,00;0,00;0,02%
2024-06-28 00:00:00-04:00;49,46;49,75;49,41;49,66;1923800;0,00;0,00;0,00;-0,14%
2024-07-01 00:00:00-04:00;50,39;50,48;49,98;50,21;1719200;0,00;0,00;0,00;1,12%
2024-07-02 00:00:00-04:00;49,69;50,00;49,65;49,98;1111200;0,00;0,00;0,00;-0,45%
2024-07-03 00:00:00-04:00;50,61;50,84;50,51;50,84;1200400;0,00;0,00;0,00;1,71%
2024-07-05 00:00:00-04:00;51,29;51,29;50,76;51,18;1468400;0,00;0,00;0,00;0,68%
2024-07-08 00:00:00-04:00;51,29;51,37;50,82;50,89;1528600;0,00;0,00;0,00;-0,58%
2024-07-09 00:00:00-04:00;50,50;50,51;50,08;50,24;1046300;0,00;0,00;0,00;-1,27%
2024-07-10 00:00:00-04:00;50,59;51,01;50,58;50,97;1410100;0,00;0,00;0,00;1,44%
2024-07-11 00:00:00-04:00;51,39;51,45;51,06;51,10;1338300;0,00;0,00;0,00;0,25%
2024-07-12 00:00:00-04:00;51,61;52,15;51,61;51,93;1402800;0,00;0,00;0,00;1,63%
2024-07-15 00:00:00-04:00;51,69;51,71;51,19;51,26;1104400;0,00;0,00;0,00;-1,28%
2024-07-16 00:00:00-04:00;51,01;51,23;50,86;51,23;2271300;0,00;0,00;0,00;-0,06%
2024-07-17 00:00:00-04:00;50,66;50,86;50,49;50,55;1908700;0,00;0,00;0,00;-1,34%
2024-07-18 00:00:00-04:00;50,84;50,87;50,05;50,16;1508900;0,00;0,00;0,00;-0,77%
2024-07-19 00:00:00-04:00;49,86;49,90;49,64;49,69;3087200;0,00;0,00;0,00;-0,95%
2024-07-22 00:00:00-04:00;50,52;50,71;50,37;50,67;1646200;0,00;0,00;0,00;1,98%
2024-07-23 00:00:00-04:00;50,46;50,52;50,29;50,33;1127100;0,00;0,00;0,00;-0,67%
2024-07-24 00:00:00-04:00;50,07;50,13;49,53;49,57;1046900;0,00;0,00;0,00;-1,52%
2024-07-25 00:00:00-04:00;49,24;49,79;48,97;49,36;1164400;0,00;0,00;0,00;-0,42%
2024-07-26 00:00:00-04:00;49,83;50,16;49,76;50,07;917600;0,00;0,00;0,00;1,45%
2024-07-29 00:00:00-04:00;49,52;49,62;49,20;49,42;541200;0,00;0,00;0,00;-1,31%
2024-07-30 00:00:00-04:00;49,70;49,77;49,36;49,56;648200;0,00;0,00;0,00;0,28%
2024-07-31 00:00:00-04:00;50,03;50,19;49,80;49,93;941200;0,00;0,00;0,00;0,76%
2024-08-01 00:00:00-04:00;49,31;49,43;48,32;48,56;701300;0,00;0,00;0,00;-2,74%
2024-08-02 00:00:00-04:00;48,22;48,31;47,81;48,09;969100;0,00;0,00;0,00;-0,98%
2024-08-05 00:00:00-04:00;46,89;47,76;46,76;47,36;4797700;0,00;0,00;0,00;-1,51%
2024-08-06 00:00:00-04:00;47,05;47,71;47,01;47,38;1152500;0,00;0,00;0,00;0,04%
2024-08-07 00:00:00-04:00;48,24;48,50;47,60;47,62;1797300;0,00;0,00;0,00;0,50%
2024-08-08 00:00:00-04:00;48,09;48,47;47,89;48,40;2073700;0,00;0,00;0,00;1,63%
2024-08-09 00:00:00-04:00;48,21;48,56;48,11;48,48;1382000;0,00;0,00;0,00;0,18%
2024-08-12 00:00:00-04:00;48,47;48,55;48,23;48,31;1269300;0,00;0,00;0,00;-0,37%
2024-08-13 00:00:00-04:00;48,53;49,09;48,48;49,09;648500;0,00;0,00;0,00;1,62%
2024-08-14 00:00:00-04:00;49,37;49,45;49,25;49,44;1603400;0,00;0,00;0,00;0,71%
2024-08-15 00:00:00-04:00;49,92;50,29;49,90;50,22;1426100;0,00;0,00;0,00;1,59%
2024-08-16 00:00:00-04:00;50,34;50,67;50,34;50,62;411800;0,00;0,00;0,00;0,79%
2024-08-19 00:00:00-04:00;50,96;51,33;50,89;51,28;1440100;0,00;0,00;0,00;1,31%
2024-08-20 00:00:00-04:00;51,25;51,39;51,11;51,27;754600;0,00;0,00;0,00;-0,02%
2024-08-21 00:00:00-04:00;51,56;51,86;51,43;51,78;486100;0,00;0,00;0,00;0,99%
2024-08-22 00:00:00-04:00;51,81;51,84;51,27;51,30;466500;0,00;0,00;0,00;-0,92%
2024-08-23 00:00:00-04:00;51,63;52,17;51,59;52,15;561700;0,00;0,00;0,00;1,64%
2024-08-26 00:00:00-04:00;51,94;52,04;51,83;51,90;269400;0,00;0,00;0,00;-0,48%
2024-08-27 00:00:00-04:00;51,95;52,14;51,86;52,05;545100;0,00;0,00;0,00;0,29%
2024-08-28 00:00:00-04:00;51,97;52,06;51,62;51,86;340000;0,00;0,00;0,00;-0,36%
2024-08-29 00:00:00-04:00;52,22;52,39;51,91;52,00;622600;0,00;0,00;0,00;0,27%
2024-08-30 00:00:00-04:00;52,21;52,29;51,83;52,14;596600;0,00;0,00;0,00;0,27%
2024-09-03 00:00:00-04:00;51,96;51,97;51,10;51,20;1579200;0,00;0,00;0,00;-1,79%
2024-09-04 00:00:00-04:00;50,83;51,21;50,81;50,98;557600;0,00;0,00;0,00;-0,45%
2024-09-05 00:00:00-04:00;50,85;51,00;50,65;50,73;1832100;0,00;0,00;0,00;-0,49%
2024-09-06 00:00:00-04:00;50,78;50,86;49,73;49,79;2840900;0,00;0,00;0,00;-1,86%
2024-09-09 00:00:00-04:00;50,05;50,29;49,99;50,19;2554500;0,00;0,00;0,00;0,82%
2024-09-10 00:00:00-04:00;49,95;49,96;49,46;49,84;922200;0,00;0,00;0,00;-0,69%
2024-09-11 00:00:00-04:00;50,07;50,41;49,49;50,38;789000;0,00;0,00;0,00;1,08%
2024-09-12 00:00:00-04:00;50,26;50,77;50,09;50,74;611300;0,00;0,00;0,00;0,71%
2024-09-13 00:00:00-04:00;50,82;51,13;50,82;50,98;1146300;0,00;0,00;0,00;0,47%
2024-09-16 00:00:00-04:00;51,04;51,27;50,93;51,26;433300;0,00;0,00;0,00;0,56%
2024-09-17 00:00:00-04:00;51,42;51,45;51,04;51,23;373700;0,00;0,00;0,00;-0,06%
2024-09-18 00:00:00-04:00;51,25;51,77;50,97;51,11;799000;0,00;0,00;0,00;-0,25%
2024-09-19 00:00:00-04:00;52,15;52,50;51,87;52,33;1414200;0,00;0,00;0,00;2,39%
2024-09-20 00:00:00-04:00;51,92;51,93;51,48;51,65;777600;0,00;0,00;0,00;-1,29%
2024-09-23 00:00:00-04:00;51,64;51,70;51,51;51,64;509000;0,08;0,00;0,00;-0,03%
2024-09-24 00:00:00-04:00;52,12;52,41;52,01;52,40;563000;0,00;0,00;0,00;1,48%
2024-09-25 00:00:00-04:00;52,34;52,36;51,89;51,91;384300;0,00;0,00;0,00;-0,93%
2024-09-26 00:00:00-04:00;53,26;53,59;53,10;53,50;757200;0,00;0,00;0,00;3,04%
2024-09-27 00:00:00-04:00;53,71;53,84;53,43;53,50;718000;0,00;0,00;0,00;0,00%
2024-09-30 00:00:00-04:00;53,22;53,25;52,68;52,93;588600;0,00;0,00;0,00;-1,06%
2024-10-01 00:00:00-04:00;52,68;52,75;51,80;52,10;707400;0,00;0,00;0,00;-1,56%
2024-10-02 00:00:00-04:00;51,91;52,09;51,71;51,98;407900;0,00;0,00;0,00;-0,23%
2024-10-03 00:00:00-04:00;51,55;51,69;51,28;51,44;513900;0,00;0,00;0,00;-1,05%
2024-10-04 00:00:00-04:00;51,57;51,85;51,47;51,82;766200;0,00;0,00;0,00;0,73%
2024-10-07 00:00:00-04:00;51,75;51,82;51,42;51,60;435600;0,00;0,00;0,00;-0,42%
2024-10-08 00:00:00-04:00;51,61;51,77;51,46;51,61;611200;0,00;0,00;0,00;0,02%
2024-10-09 00:00:00-04:00;51,45;51,85;51,45;51,82;306900;0,00;0,00;0,00;0,40%
2024-10-10 00:00:00-04:00;51,70;51,70;51,39;51,69;440300;0,00;0,00;0,00;-0,25%
2024-10-11 00:00:00-04:00;51,65;52,01;51,65;52,01;332400;0,00;0,00;0,00;0,63%
2024-10-14 00:00:00-04:00;51,97;52,33;51,95;52,32;248100;0,00;0,00;0,00;0,59%
2024-10-15 00:00:00-04:00;52,05;52,08;50,80;50,96;1096400;0,00;0,00;0,00;-2,60%
2024-10-16 00:00:00-04:00;50,83;50,86;50,58;50,69;511600;0,00;0,00;0,00;-0,53%
2024-10-17 00:00:00-04:00;50,99;51,02;50,75;50,76;789300;0,00;0,00;0,00;0,14%
2024-10-18 00:00:00-04:00;51,33;51,45;51,21;51,45;277800;0,00;0,00;0,00;1,35%
2024-10-21 00:00:00-04:00;51,15;51,20;50,74;50,79;262100;0,00;0,00;0,00;-1,28%
2024-10-22 00:00:00-04:00;50,65;50,72;50,53;50,60;375400;0,00;0,00;0,00;-0,37%
2024-10-23 00:00:00-04:00;50,36;50,52;50,07;50,28;358500;0,00;0,00;0,00;-0,63%
2024-10-24 00:00:00-04:00;50,90;50,91;50,47;50,68;574000;0,00;0,00;0,00;0,79%
2024-10-25 00:00:00-04:00;50,89;50,92;50,40;50,48;473700;0,00;0,00;0,00;-0,39%
2024-10-28 00:00:00-04:00;50,72;51,09;50,69;51,00;895800;0,00;0,00;0,00;1,02%
2024-10-29 00:00:00-04:00;50,83;50,95;50,66;50,80;899500;0,00;0,00;0,00;-0,39%
2024-10-30 00:00:00-04:00;50,11;50,52;50,06;50,31;1266500;0,00;0,00;0,00;-0,96%
2024-10-31 00:00:00-04:00;50,09;50,09;49,52;49,96;1597900;0,00;0,00;0,00;-0,71%
2024-11-01 00:00:00-04:00;50,26;50,37;50,04;50,13;555800;0,00;0,00;0,00;0,36%
2024-11-04 00:00:00-05:00;50,35;50,45;50,01;50,05;266300;0,00;0,00;0,00;-0,18%
2024-11-05 00:00:00-05:00;50,21;50,69;50,18;50,50;402200;0,00;0,00;0,00;0,91%
2024-11-06 00:00:00-05:00;49,15;49,22;48,75;49,09;3576100;0,00;0,00;0,00;-2,80%
2024-11-07 00:00:00-05:00;49,74;50,05;49,60;49,99;1853100;0,00;0,00;0,00;1,82%
2024-11-08 00:00:00-05:00;49,21;49,22;48,78;49,07;1539700;0,00;0,00;0,00;-1,83%
2024-11-11 00:00:00-05:00;49,22;49,29;48,89;48,89;1146300;0,00;0,00;0,00;-0,36%
2024-11-12 00:00:00-05:00;48,44;48,46;47,66;47,88;1860200;0,00;0,00;0,00;-2,07%
2024-11-13 00:00:00-05:00;47,59;47,65;47,09;47,63;4212200;0,00;0,00;0,00;-0,52%
2024-11-14 00:00:00-05:00;48,36;48,49;47,99;48,04;2314100;0,00;0,00;0,00;0,86%
2024-11-15 00:00:00-05:00;48,09;48,10;47,78;47,90;1503200;0,00;0,00;0,00;-0,29%
2024-11-18 00:00:00-05:00;47,71;48,19;47,71;48,06;681900;0,00;0,00;0,00;0,33%
2024-11-19 00:00:00-05:00;47,34;47,90;47,30;47,77;2053100;0,00;0,00;0,00;-0,60%
2024-11-20 00:00:00-05:00;47,55;47,61;47,17;47,54;1132800;0,00;0,00;0,00;-0,48%
2024-11-21 00:00:00-05:00;47,31;47,50;47,13;47,44;2102800;0,00;0,00;0,00;-0,21%
2024-11-22 00:00:00-05:00;47,17;47,55;47,16;47,42;2371900;0,00;0,00;0,00;-0,04%
2024-11-25 00:00:00-05:00;48,02;48,05;47,58;47,67;1556300;0,00;0,00;0,00;0,52%
2024-11-26 00:00:00-05:00;47,75;47,79;47,23;47,35;1444000;0,00;0,00;0,00;-0,67%
2024-11-27 00:00:00-05:00;47,44;47,63;47,35;47,57;3293700;0,00;0,00;0,00;0,46%
2024-11-29 00:00:00-05:00;47,68;48,30;47,65;48,29;1304700;0,00;0,00;0,00;1,50%
2024-12-02 00:00:00-05:00;48,21;48,51;47,83;48,43;1656100;0,00;0,00;0,00;0,29%
2024-12-03 00:00:00-05:00;48,60;48,87;48,47;48,75;1396000;0,00;0,00;0,00;0,68%
2024-12-04 00:00:00-05:00;49,12;49,30;48,99;49,10;1064400;0,00;0,00;0,00;0,71%
2024-12-05 00:00:00-05:00;49,60;49,78;49,55;49,73;2271900;0,00;0,00;0,00;1,28%
2024-12-06 00:00:00-05:00;50,05;50,12;49,78;49,90;1577000;0,00;0,00;0,00;0,34%
2024-12-09 00:00:00-05:00;50,22;50,29;49,85;49,88;889200;0,00;0,00;0,00;-0,04%
2024-12-10 00:00:00-05:00;49,78;49,78;49,41;49,44;788600;0,00;0,00;0,00;-0,88%
2024-12-11 00:00:00-05:00;49,54;49,61;49,32;49,60;2339700;0,00;0,00;0,00;0,32%
2024-12-12 00:00:00-05:00;49,42;49,71;49,29;49,29;1195100;0,00;0,00;0,00;-0,62%
2024-12-13 00:00:00-05:00;49,71;49,71;49,39;49,60;4040000;0,00;0,00;0,00;0,63%
2024-12-16 00:00:00-05:00;49,41;49,56;49,30;49,34;1231500;0,00;0,00;0,00;-0,52%
2024-12-17 00:00:00-05:00;49,38;49,48;49,29;49,35;1448200;0,00;0,00;0,00;0,02%
2024-12-18 00:00:00-05:00;49,41;49,63;48,07;48,10;1842100;0,00;0,00;0,00;-2,54%
2024-12-19 00:00:00-05:00;48,33;48,35;47,93;47,98;1836300;0,00;0,00;0,00;-0,25%
2024-12-20 00:00:00-05:00;47,61;48,40;47,56;48,00;3456200;0,00;0,00;0,00;0,04%
2024-12-23 00:00:00-05:00;47,95;48,27;47,78;48,27;1118800;0,16;0,00;0,00;0,58%
2024-12-24 00:00:00-05:00;48,15;48,49;48,07;48,44;935500;0,00;0,00;0,00;0,35%
2024-12-26 00:00:00-05:00;48,51;48,68;48,40;48,65;1129800;0,00;0,00;0,00;0,43%
2024-12-27 00:00:00-05:00;48,38;48,56;48,23;48,45;1133000;0,00;0,00;0,00;-0,41%
2024-12-30 00:00:00-05:00;48,13;48,21;47,83;48,05;1255900;0,00;0,00;0,00;-0,82%
2024-12-31 00:00:00-05:00;48,20;48,47;47,88;48,02;2805400;0,00;0,00;0,00;-0,06%
2025-01-02 00:00:00-05:00;47,95;48,08;47,54;47,54;1906200;0,00;0,00;0,00;-1,02%
2025-01-03 00:00:00-05:00;47,81;47,85;47,53;47,82;1665600;0,00;0,00;0,00;0,59%
2025-01-06 00:00:00-05:00;48,74;49,40;48,69;49,04;2943800;0,00;0,00;0,00;2,57%
2025-01-07 00:00:00-05:00;49,75;49,75;49,13;49,19;1706200;0,00;0,00;0,00;0,31%
2025-01-08 00:00:00-05:00;48,87;49,08;48,63;48,97;1025800;0,00;0,00;0,00;-0,45%
2025-01-10 00:00:00-05:00;48,99;48,99;48,37;48,56;1339300;0,00;0,00;0,00;-0,84%
2025-01-13 00:00:00-05:00;47,95;48,37;47,90;48,37;1077400;0,00;0,00;0,00;-0,39%
2025-01-14 00:00:00-05:00;48,79;48,92;48,61;48,83;825400;0,00;0,00;0,00;0,95%
2025-01-15 00:00:00-05:00;49,56;49,59;49,18;49,33;1259400;0,00;0,00;0,00;1,02%
2025-01-16 00:00:00-05:00;49,85;50,27;49,77;50,09;2018200;0,00;0,00;0,00;1,54%
2025-01-17 00:00:00-05:00;50,49;50,72;50,30;50,30;2239100;0,00;0,00;0,00;0,42%
2025-01-21 00:00:00-05:00;51,14;51,45;51,04;51,43;2486200;0,00;0,00;0,00;2,24%
2025-01-22 00:00:00-05:00;51,73;51,78;51,52;51,54;1061700;0,00;0,00;0,00;0,21%
2025-01-23 00:00:00-05:00;51,65;52,04;51,51;51,93;1345400;0,00;0,00;0,00;0,77%
2025-01-24 00:00:00-05:00;52,20;52,33;52,02;52,02;1711200;0,00;0,00;0,00;0,17%
2025-01-27 00:00:00-05:00;51,75;52,10;51,70;52,10;874300;0,00;0,00;0,00;0,15%
2025-01-28 00:00:00-05:00;51,85;51,85;51,39;51,78;982500;0,00;0,00;0,00;-0,61%
2025-01-29 00:00:00-05:00;51,88;52,05;51,71;51,90;748900;0,00;0,00;0,00;0,23%
2025-01-30 00:00:00-05:00;52,41;52,75;52,22;52,45;965200;0,00;0,00;0,00;1,06%
2025-01-31 00:00:00-05:00;52,36;52,65;51,87;51,98;3558600;0,00;0,00;0,00;-0,89%
2025-02-03 00:00:00-05:00;50,80;51,47;50,58;51,03;2973500;0,00;0,00;0,00;-1,84%
2025-02-04 00:00:00-05:00;51,76;52,12;51,72;52,12;1543100;0,00;0,00;0,00;2,15%
2025-02-05 00:00:00-05:00;52,26;52,47;52,13;52,43;1760300;0,00;0,00;0,00;0,59%
2025-02-06 00:00:00-05:00;52,70;53,05;52,66;52,87;2262400;0,00;0,00;0,00;0,84%
2025-02-07 00:00:00-05:00;52,93;52,96;52,23;52,31;5564300;0,00;0,00;0,00;-1,06%
2025-02-10 00:00:00-05:00;52,52;52,77;52,48;52,77;1754300;0,00;0,00;0,00;0,88%
2025-02-11 00:00:00-05:00;52,74;53,44;52,74;53,32;1989500;0,00;0,00;0,00;1,04%
2025-02-12 00:00:00-05:00;53,14;54,11;53,07;54,00;5403100;0,00;0,00;0,00;1,27%
2025-02-13 00:00:00-05:00;54,29;54,78;54,02;54,52;2671900;0,00;0,00;0,00;0,96%
2025-02-14 00:00:00-05:00;55,21;55,30;54,85;54,89;1824500;0,00;0,00;0,00;0,68%
2025-02-18 00:00:00-05:00;55,22;55,36;55,08;55,19;3085200;0,00;0,00;0,00;0,55%
2025-02-19 00:00:00-05:00;54,46;54,52;54,11;54,29;2444800;0,00;0,00;0,00;-1,63%
2025-02-20 00:00:00-05:00;54,68;54,79;54,43;54,66;2083300;0,00;0,00;0,00;0,68%
2025-02-21 00:00:00-05:00;54,71;54,72;54,19;54,31;1351300;0,00;0,00;0,00;-0,64%
2025-02-24 00:00:00-05:00;54,54;54,55;54,12;54,17;1646400;0,00;0,00;0,00;-0,26%
2025-02-25 00:00:00-05:00;54,80;55,01;54,46;54,73;2671200;0,00;0,00;0,00;1,03%
2025-02-26 00:00:00-05:00;55,08;55,52;54,75;54,89;1620700;0,00;0,00;0,00;0,29%
2025-02-27 00:00:00-05:00;54,47;54,47;53,71;53,71;3195600;0,00;0,00;0,00;-2,14%
2025-02-28 00:00:00-05:00;53,98;54,23;53,37;53,92;2791700;0,00;0,00;0,00;0,39%
2025-03-03 00:00:00-05:00;55,52;55,69;54,57;54,98;2981500;0,00;0,00;0,00;1,96%
2025-03-04 00:00:00-05:00;54,26;55,72;53,77;55,14;3617400;0,00;0,00;0,00;0,29%
2025-03-05 00:00:00-05:00;56,30;57,06;56,29;56,90;6756200;0,00;0,00;0,00;3,20%
2025-03-06 00:00:00-05:00;56,51;57,27;56,28;56,40;4721900;0,00;0,00;0,00;-0,88%
2025-03-07 00:00:00-05:00;56,38;57,20;56,33;57,10;3236200;0,00;0,00;0,00;1,24%
2025-03-10 00:00:00-04:00;56,00;56,22;55,11;55,55;2763000;0,00;0,00;0,00;-2,71%
2025-03-11 00:00:00-04:00;55,94;55,99;55,08;55,64;2487600;0,00;0,00;0,00;0,16%
2025-03-12 00:00:00-04:00;55,90;55,90;55,37;55,65;2559900;0,00;0,00;0,00;0,02%
2025-03-13 00:00:00-04:00;55,20;55,48;54,92;55,02;2602700;0,00;0,00;0,00;-1,15%
2025-03-14 00:00:00-04:00;55,91;56,36;55,72;56,33;1930400;0,00;0,00;0,00;2,39%
2025-03-17 00:00:00-04:00;56,49;57,08;56,37;56,98;1443900;0,00;0,00;0,00;1,15%
2025-03-18 00:00:00-04:00;57,14;57,34;56,85;57,20;1815200;0,00;0,00;0,00;0,39%
2025-03-19 00:00:00-04:00;57,02;57,53;56,90;57,30;3389900;0,00;0,00;0,00;0,17%
2025-03-20 00:00:00-04:00;56,05;56,48;56,03;56,41;1954700;0,00;0,00;0,00;-1,55%
2025-03-21 00:00:00-04:00;55,84;55,96;55,62;55,86;4638200;0,00;0,00;0,00;-0,97%
2025-03-24 00:00:00-04:00;55,76;56,03;55,61;55,87;2607700;0,15;0,00;0,00;0,01%
2025-03-25 00:00:00-04:00;56,47;56,54;56,18;56,41;1204700;0,00;0,00;0,00;0,97%
2025-03-26 00:00:00-04:00;55,80;56,04;55,09;55,32;2122400;0,00;0,00;0,00;-1,93%
2025-03-27 00:00:00-04:00;55,14;55,52;55,00;55,28;3250200;0,00;0,00;0,00;-0,07%
2025-03-28 00:00:00-04:00;55,02;55,23;54,82;55,01;1380500;0,00;0,00;0,00;-0,49%
2025-03-31 00:00:00-04:00;54,10;54,50;53,84;54,41;3067400;0,00;0,00;0,00;-1,09%
2025-04-01 00:00:00-04:00;54,58;54,90;54,32;54,62;2733800;0,00;0,00;0,00;0,39%
2025-04-02 00:00:00-04:00;54,33;55,02;54,28;54,91;1273300;0,00;0,00;0,00;0,53%
2025-04-03 00:00:00-04:00;54,32;54,46;53,47;53,58;5404900;0,00;0,00;0,00;-2,42%
2025-04-04 00:00:00-04:00;51,70;51,83;50,25;50,27;6680400;0,00;0,00;0,00;-6,18%
2025-04-07 00:00:00-04:00;48,55;51,28;48,09;48,89;7837400;0,00;0,00;0,00;-2,75%
2025-04-08 00:00:00-04:00;50,21;50,27;47,63;48,22;6842900;0,00;0,00;0,00;-1,37%
2025-04-09 00:00:00-04:00;48,79;53,03;48,48;52,59;8387300;0,00;0,00;0,00;9,06%
2025-04-10 00:00:00-04:00;51,79;52,10;50,46;51,76;4262700;0,00;0,00;0,00;-1,58%
2025-04-11 00:00:00-04:00;51,75;52,95;51,59;52,75;5155600;0,00;0,00;0,00;1,91%
2025-04-14 00:00:00-04:00;53,01;53,60;52,63;53,11;2656800;0,00;0,00;0,00;0,68%
2025-04-15 00:00:00-04:00;53,47;53,77;53,34;53,46;1433300;0,00;0,00;0,00;0,66%
2025-04-16 00:00:00-04:00;53,49;53,92;53,10;53,30;1542000;0,00;0,00;0,00;-0,30%
2025-04-17 00:00:00-04:00;53,64;54,06;53,41;53,77;4162500;0,00;0,00;0,00;0,88%
